"Country";"Operator Name";"MCC";"MNC";"Price(EUR)";"Details"
"Afghanistan";"Afghan Wireless Communication Company (AWCC)";"412";"1";"0.0046";"Dynamic Alphanumeric"
"Afghanistan";"Etisalat Afghanistan";"412";"50";"0.0515";"Dynamic Alphanumeric"
"Afghanistan";"MTN Afghanistan";"412";"40";"0.0040";"Random Numeric Sender"
"Afghanistan";"Roshan";"412";"20";"0.0595";"Dynamic Alphanumeric"
"Afghanistan";"Salaam Afghan Telecom";"412";"88 80";"0.0415";"Dynamic Alphanumeric"
"Albania";"ALBtelecom Albania";"276";"3";"0.0220";"Dynamic Alphanumeric"
"Albania";"Telekom Albania";"276";"1";"0.0065";"Dynamic Alphanumeric"
"Albania";"Vodafone Albania";"276";"2";"0.0085";"Dynamic Alphanumeric"
"Algeria";" Ooredoo Algeria";"603";"3";"0.0085";"Dynamic Alphanumeric"
"Algeria";"Algerie Telecom (Mobilis)";"603";"1";"0.0080";"Dynamic Alphanumeric"
"Algeria";"Orascom Telecom (Djezzy)";"603";"2";"0.0043";"Random Numeric Sender"
"American Samoa";"Blue Sky Communications";"544";"11";"0.0395";"Dynamic Alphanumeric"
"Andorra";"Andorra Telecom (Servei De Tele. DAndorra)";"213";"3";"0.0030";"Dynamic Alphanumeric"
"Angola";"Movicel Angola";"631";"4";"0.0055";"Dynamic Alphanumeric"
"Angola";"Unitel Angola";"631";"2";"0.0050";"Dynamic Alphanumeric"
"Anguilla";"Digicel Anguilla";"365";"50 930";"0.0170";"Dynamic Alphanumeric"
"Anguilla";"FLOW Anguilla (ex-C&W)";"365";"840";"0.0070";"Dynamic Alphanumeric"
"Antigua and Barbuda";"APUA PCS";"344";"30 3";"0.0085";"Dynamic Alphanumeric"
"Antigua and Barbuda";"Digicel Antigua";"344";"930 50";"0.0085";"Dynamic Alphanumeric"
"Antigua and Barbuda";"FLOW Antigua (LIME - CWC)";"344";"920";"0.0085";"Dynamic Alphanumeric"
"Argentina";"Claro Argentina (Cti Pcs)";"722";"310 320 330 31";"0.0040";"Dynamic Alphanumeric"
"Argentina";"Default (Unallocated Prefixes)";"722";"999";"0.0051";"Dynamic Alphanumeric"
"Argentina";"Nextel Argentina";"722";"2 20 0";"0.0051";"Dynamic Alphanumeric"
"Argentina";"Telecom Personal";"722";"34 341 340";"0.0060";"Dynamic Alphanumeric"
"Argentina";"Telefonica Moviles  Argentina (Movistar)";"722";"7 1 70 10";"0.0063";"Dynamic Alphanumeric"
"Armenia";"Beeline Armenia";"283";"1";"0.0175";"Dynamic Alphanumeric"
"Armenia";"Karabakh Telecom";"283";"4";"0.0045";"Numeric Sender Only"
"Armenia";"Ucom (Orange) Armenia";"283";"10";"0.0035";"Dynamic Alphanumeric"
"Armenia";"VivaCell (MTS Armenia)";"283";"5";"0.0046";"Numeric senders are being replaced."
"Aruba";"Digicel Aruba";"363";"20 0 3 2";"0.0070";"Dynamic Alphanumeric"
"Aruba";"SETAR";"363";"1";"0.0070";"Dynamic Alphanumeric"
"Australia";"Lycamobile Australia";"505";"19";"0.0095";"Random Numeric Sender"
"Australia";"Optus Mobile";"505";"2 90";"0.0095";"Random Numeric Sender"
"Australia";"Telstra";"505";"1 11 71 72";"0.0083";"Dynamic Alphanumeric"
"Australia";"Vodafone Hutchison Australia";"505";"3 7";"0.0095";"Random Numeric Sender"
"Austria";"A1 Telekom Austria";"232";"1 2 11 9 12";"0.0160";"Random Numeric Sender"
"Austria";"Hutchison 3 Austria";"232";"10 14 16";"0.0160";"Random Numeric Sender"
"Austria";"Hutchison 3 Austria (ex-Orange)";"232";"5 6";"0.0160";"Random Numeric Sender"
"Austria";"Lycamobile Austria";"232";"8";"0.0160";"Random Numeric Sender"
"Austria";"MTEL Austria";"232";"19";"0.0160";"Random Numeric Sender"
"Austria";"T-Mobile Austria";"232";"3 4";"0.0160";"Random Numeric Sender"
"Austria";"T-Mobile Austria (ex-Tele.ring Telekom)";"232";"7";"0.0160";"Random Numeric Sender"
"Austria";"UPC Austria";"232";"13";"0.0160";"Random Numeric Sender"
"Azerbaijan";"Azercell";"400";"1";"0.0070";"Dynamic Alphanumeric"
"Azerbaijan";"Azerfon (Nar Mobile)";"400";"4";"0.0070";"Dynamic Alphanumeric"
"Azerbaijan";"Bakcell";"400";"2";"0.0075";"Dynamic Alphanumeric"
"Bahamas";"Aliv";"364";"49";"0.0090";"Dynamic Alphanumeric"
"Bahamas";"Bahamas Telecommunications Company";"364";"39 390 1";"0.0050";"Dynamic Alphanumeric"
"Bahrain";"Batelco";"426";"1";"0.0026";"Random Numeric Sender"
"Bahrain";"VIVA (STC Bahrain)";"426";"4";"0.0018";"Random Numeric Sender"
"Bahrain";"Zain Bahrain";"426";"2";"0.0026";"Random Numeric Sender"
"Bangladesh";"Airtel";"470";"7";"0.0038";"Random Numeric Sender"
"Bangladesh";"Banglalink";"470";"3";"0.0050";"Random Numeric Sender"
"Bangladesh";"Grameenphone";"470";"1 6";"0.0034";"Dynamic Alphanumeric"
"Bangladesh";"Robi (Axiata)";"470";"2";"0.0070";"Random Numeric Sender"
"Bangladesh";"TeleTalk";"470";"4";"0.0064";"Dynamic Alphanumeric"
"Barbados";"Digicel Barbados";"342";"750 50 500";"0.0039";"Dynamic Alphanumeric"
"Barbados";"Flow Barbados (LIME - CWC)";"342";"600 60";"0.0140";"Dynamic Alphanumeric"
"Belarus";"life:)";"257";"4";"0.0053";"Dynamic Alphanumeric"
"Belarus";"MTS Belarus ";"257";"2";"0.0030";"Random Numeric Sender"
"Belarus";"Velcom";"257";"1";"0.0030";"Dynamic Alphanumeric"
"Belgium";"Base";"206";"20";"0.0220";"Dynamic Alphanumeric"
"Belgium";"Lycamobile Belgium";"206";"6";"0.0090";"Random Numeric Sender"
"Belgium";"Orange Belgium (Mobistar)";"206";"10";"0.0090";"Random Numeric Sender"
"Belgium";"Proximus Belgium (ex-Belgacom)";"206";"1";"0.0100";"Shortcode sender"
"Belgium";"Telenet";"206";"5";"0.0050";"Random Numeric Sender"
"Belize";"Digi Belize";"702";"67";"0.0045";"Dynamic Alphanumeric"
"Benin";"Glo Benin";"616";"5";"0.0040";"Random Sender"
"Benin";"Moov Benin (Etisalat)";"616";"2";"0.0200";"Dynamic Alphanumeric"
"Benin";"MTN Benin (Spacetel)";"616";"3";"0.0245";"Dynamic Alphanumeric"
"Bermuda";"Cellular One Bermuda";"350";"0";"0.0090";"Dynamic Alphanumeric"
"Bermuda";"Digicel Bermuda";"350";"1 10";"0.0175";"Dynamic Alphanumeric"
"Bermuda";"M3 Wireless (Mobility)";"350";"2";"0.0090";"Dynamic Alphanumeric"
"Bhutan";"B-Mobile Bhutan Telecom";"402";"11";"0.0045";"Dynamic Alphanumeric"
"Bhutan";"TashiCell";"402";"77";"0.0070";"Dynamic Alphanumeric"
"Bolivia";"Entel Bolivia";"736";"2";"0.0055";"Dynamic Alphanumeric"
"Bolivia";"Tigo Bolivia";"736";"3";"0.0050";"Dynamic Alphanumeric"
"Bolivia";"Viva Bolivia (ex-Nuevatel)";"736";"1";"0.0200";"Dynamic Alphanumeric"
"Bosnia and Herzegovina";"BH Telecom Bosnia and Herzegovina";"218";"90";"0.0075";"Dynamic Alphanumeric"
"Bosnia and Herzegovina";"HT Eronet Bosnia and Herzegovina";"218";"3";"0.0057";"Numeric Senders are being Replaced"
"Bosnia and Herzegovina";"m:tel Bosnia and Herzegovina";"218";"5";"0.0049";"Dynamic Alphanumeric"
"Botswana";"BTC Mobile (beMobile)";"652";"4";"0.0023";"Dynamic Alphanumeric"
"Botswana";"Mascom Wireless";"652";"1";"0.0065";"Dynamic Alphanumeric"
"Botswana";"Orange Botswana";"652";"2";"0.0175";"Dynamic Alphanumeric"
"Brazil";"Algar Telecom Brazil";"724";"33 32 34";"0.0087";"Dynamic Alphanumeric"
"Brazil";"Brasil Telecom";"724";"16";"0.0087";"Dynamic Alphanumeric"
"Brazil";"Claro Brazil";"724";"5";"0.0070";"Random Numeric Sender"
"Brazil";"Nextel Brazil";"724";"0 39";"0.0084";"Dynamic Alphanumeric"
"Brazil";"Oi Brazil";"724";"31";"0.0087";"Dynamic Alphanumeric"
"Brazil";"Sercomtel Celular";"724";"15 55";"0.0087";"Dynamic Alphanumeric"
"Brazil";"TIM Brazil";"724";"2 3 4";"0.0087";"Dynamic Alphanumeric"
"Brazil";"Vivo Brazil";"724";"6 10 11 23";"0.0059";"Dynamic Alphanumeric"
"Brunei Darussalam";"DST Communications";"528";"11 1";"0.0040";"Dynamic Alphanumeric"
"Brunei Darussalam";"Progresif Brunei (B-Mobile)";"528";"2 8";"0.0040";"Dynamic Alphanumeric"
"Bulgaria";"A1 Bulgaria (M-Tel)";"284";"1 0";"0.0150";"Dynamic Alphanumeric"
"Bulgaria";"Telenor Bulgaria";"284";"5";"0.0095";"Dynamic Alphanumeric"
"Bulgaria";"Vivacom";"284";"3 6";"0.0069";"Dynamic Alphanumeric"
"Burkina Faso";"Onatel Burkina Faso";"613";"1";"0.0045";"Dynamic Alphanumeric"
"Burkina Faso";"Orange Burkina Faso (Airtel)";"613";"2";"0.0390";"Dynamic Alphanumeric"
"Burkina Faso";"Telecel Burkina Faso";"613";"3";"0.0040";"Random Numeric Sender"
"Burundi";"Econet";"642";"1";"0.0030";"Dynamic Alphanumeric"
"Burundi";"Econet (ex-Leo)";"642";"82";"0.0030";"Dynamic Alphanumeric"
"Burundi";"Tempo (Africell)";"642";"2";"0.0069";"Dynamic Alphanumeric"
"Cambodia";"Cellcard (Mobitel)";"456";"1 18";"0.0150";"Dynamic Alphanumeric"
"Cambodia";"Metfone (ex-Beeline) Cambodia";"456";"9";"0.0045";"Dynamic Alphanumeric"
"Cambodia";"Metfone Cambodia";"456";"8";"0.0040";"Dynamic Alphanumeric"
"Cambodia";"qb (Cambodia Advance Communications)";"456";"4";"0.0040";"Dynamic Alphanumeric"
"Cambodia";"Smart Mobile";"456";"2 5 6";"0.0040";"Alpha Sender Only"
"Cameroon";"MTN Cameroon";"624";"1";"0.0080";"Dynamic Alphanumeric"
"Cameroon";"NEXTELL Cameroon";"624";"4";"0.0045";"Random Numeric Sender"
"Cameroon";"Orange Cameroon";"624";"2";"0.0055";"Dynamic Alphanumeric"
"Canada";"Airtel Wireless";"302";"290";"0.0100";"Random Numeric Sender"
"Canada";"Bell Mobility Inc";"302";"610 640 651 61";"0.0200";"Random Numeric Sender"
"Canada";"Choice Wireless";"302";"630";"0.0100";"Random Numeric Sender"
"Canada";"Dryden Mobility";"302";"380";"0.0100";"Random Numeric Sender"
"Canada";"Fido Solutions";"302";"370";"0.0090";"Random Numeric Sender"
"Canada";"First Networks Operations";"302";"350";"0.0100";"Random Numeric Sender"
"Canada";"Freedom Mobile Canada";"302";"490";"0.0100";"Random Numeric Sender"
"Canada";"ICE Wireless";"302";"620";"0.0100";"Random Numeric Sender"
"Canada";"Mobilicity";"302";"320";"0.0100";"Random Numeric Sender"
"Canada";"MTS";"302";"655 660";"0.0100";"Random Numeric Sender"
"Canada";"Rogers Wireless Canada";"302";"720";"0.0100";"Random Numeric Sender"
"Canada";"SaskTel Wireless";"302";"680 780";"0.0100";"Random Numeric Sender"
"Canada";"tbaytel";"302";"656";"0.0045";"Dynamic Alphanumeric"
"Canada";"Telus Canada";"302";"360 220 221 361 653 657 86 64 71";"0.0100";"Random Numeric Sender"
"Canada";"Videotron";"302";"500";"0.0100";"Random Numeric Sender"
"Cape Verde Islands";"CV Movel";"625";"1";"0.0120";"Dynamic Alphanumeric"
"Cape Verde Islands";"T+ Telecomunicacoes";"625";"2";"0.0205";"Dynamic Alphanumeric"
"Cayman Islands";"Digicel Cayman";"346";"6 5";"0.0290";"Dynamic Alphanumeric"
"Cayman Islands";"Flow Cayman Islands (CWC)";"346";"140 14";"0.0130";"Dynamic Alphanumeric"
"Central African Republic";"Azur RCA";"623";"4";"0.0058";"Dynamic Alphanumeric"
"Central African Republic";"Moov Centrafrique (A-Cell)";"623";"1";"0.0035";"Dynamic Alphanumeric"
"Central African Republic";"Orange Central African Republic";"623";"3";"0.0065";"Dynamic Alphanumeric"
"Central African Republic";"Telecel Centrafrique";"623";"2";"0.0020";"Random Numeric Sender"
"Chad";"Airtel Chad";"622";"1";"0.0045";"Dynamic Alphanumeric"
"Chad";"Tigo Chad";"622";"3";"0.0080";"Dynamic Alphanumeric"
"Chile";"Claro Chile";"730";"3";"0.0095";"Dynamic Alphanumeric"
"Chile";"Entel";"730";"1";"0.0055";"Dynamic Alphanumeric"
"Chile";"Entel PCS";"730";"10";"0.0055";"Dynamic Alphanumeric"
"Chile";"Falabella Movil";"730";"200 19";"0.0055";"Dynamic Alphanumeric"
"Chile";"Movistar Chile";"730";"2 7";"0.0060";"Dynamic Alphanumeric"
"Chile";"Simple";"730";"98";"0.0045";"Dynamic Alphanumeric"
"Chile";"Telefonica Del Sur";"730";"6 99";"0.0043";"Dynamic Alphanumeric"
"Chile";"Virgin Mobile(Tribe)";"730";"13";"0.0049";"Random Numeric Sender"
"Chile";"VTR";"730";"8";"0.0105";"Dynamic Alphanumeric"
"Chile";"WOM (Nextel)";"730";"9 4";"0.0050";"Local Numeric Sender"
"China";"China Mobile";"460";"0 2 7";"0.0125";"Dynamic Alphanumeric"
"China";"China Telecom";"460";"3 5";"0.0125";"Dynamic Alphanumeric"
"China";"China Unicom";"460";"1 6";"0.0125";"Dynamic Alphanumeric"
"Colombia";"Avantel";"732";"130";"0.0012";"Dynamic Alphanumeric"
"Colombia";"Claro Colombia (Comcel)";"732";"101";"0.0012";"Dynamic Alphanumeric"
"Colombia";"Edatel";"732";"2";"0.0012";"Dynamic Alphanumeric"
"Colombia";"Emcali";"732";"99";"0.0012";"Dynamic Alphanumeric"
"Colombia";"Movistar Colombia";"732";"102 123";"0.0012";"Dynamic Alphanumeric"
"Colombia";"Tigo Colombia";"732";"103 111";"0.0012";"Dynamic Alphanumeric"
"Comoros/Mayotte";"HURI";"654";"1";"0.0210";"Numeric Sender Only"
"Congo";"Airtel (ex-Warid) Congo";"629";"7";"0.0049";"Dynamic Alphanumeric"
"Congo";"Airtel Congo";"629";"1 89";"0.0049";"Dynamic Alphanumeric"
"Congo";"MTN Congo";"629";"10";"0.0069";"Dynamic Alphanumeric"
"Congo, The Democratic Republic of the";"Africell RDC";"630";"90";"0.0075";"Dynamic Alphanumeric"
"Congo, The Democratic Republic of the";"Airtel RDC";"630";"2";"0.0075";"Dynamic Alphanumeric"
"Congo, The Democratic Republic of the";"Orange (ex-Tigo) RDC";"630";"89";"0.0063";"Dynamic Alphanumeric"
"Congo, The Democratic Republic of the";"Orange RDC";"630";"86";"0.0070";"Dynamic Alphanumeric"
"Congo, The Democratic Republic of the";"Vodacom DRC";"630";"1";"0.0075";"Dynamic Alphanumeric"
"Cook Islands";"Bluesky Cook Islands";"548";"1";"0.0030";"Dynamic Alphanumeric"
"Costa Rica";"Claro Costa Rica";"712";"3";"0.0065";"Random Numeric Sender"
"Costa Rica";"kolbi (ICE) Costa Rica";"712";"1 2 20";"0.0055";"Dynamic Alphanumeric"
"Costa Rica";"Movistar Costa Rica";"712";"4";"0.0046";"Random Numeric Sender"
"Cote D` Ivoire";"Moov Ivory Coast";"612";"2";"0.0045";"Dynamic Alphanumeric"
"Cote D` Ivoire";"MTN Ivory Coast";"612";"5";"0.0175";"Direct Connection"
"Cote D` Ivoire";"Orange Ivory Coast";"612";"3";"0.0215";"Direct Connection"
"Croatia";"A1 Croatia (ex-Vipnet)";"219";"10";"0.0080";"Dynamic Alphanumeric"
"Croatia";"Tele2 Croatia";"219";"2";"0.0070";"Random Numeric Sender"
"Croatia";"Telekom Croatia";"219";"1";"0.0071";"Dynamic Alphanumeric"
"Cuba";"Cubacel";"368";"1";"0.0505";"Dynamic Alphanumeric"
"Cyprus";"CYTA (Vodafone)";"280";"1";"0.0080";"Direct Connection"
"Cyprus";"Lemontel";"280";"22";"0.0080";"Dynamic Alphanumeric"
"Cyprus";"MTN Cyprus (Areeba)";"280";"10";"0.0080";"Direct Connection"
"Cyprus";"PrimeTel";"280";"20";"0.0080";"Direct Connection"
"Czech Republic";"MVNOs of O2";"230";"20";"0.0260";"Dynamic Alphanumeric"
"Czech Republic";"O2 Czech Republic";"230";"2";"0.0140";"Dynamic Alphanumeric"
"Czech Republic";"T-Mobile Czech Republic";"230";"1";"0.0205";"Direct Connection  All senders change to INFO"
"Czech Republic";"U:fon";"230";"4";"0.0075";"Dynamic Alphanumeric"
"Czech Republic";"Vodafone Czech Republic";"230";"3";"0.0260";"Direct Connection  All senders change to InfoSMS"
"Denmark";"3 Denmark";"238";"6";"0.0075";"Random Numeric Sender"
"Denmark";"Barablu Mobile";"238";"7";"0.0180";"Dynamic Alphanumeric"
"Denmark";"Lycamobile Denmark";"238";"12";"0.0070";"Random Numeric Sender"
"Denmark";"TDC Mobil";"238";"1 10";"0.0105";"Dynamic Alphanumeric"
"Denmark";"Telenor (ex-Tele2) Denmark";"238";"77";"0.0075";"Random Numeric Sender"
"Denmark";"Telenor Denmark";"238";"2";"0.0075";"Random Numeric Sender"
"Denmark";"Telia Denmark";"238";"20 30";"0.0100";"Dynamic Alphanumeric"
"Djibouti";"Djibouti Telecom (Evatis)";"638";"1";"0.0030";"Dynamic Alphanumeric"
"Dominica";"Digicel Dominica";"366";"20 50";"0.0085";"Dynamic Alphanumeric"
"Dominica";"FLOW Dominica (LIME - CWC)";"366";"110";"0.0095";"Dynamic Alphanumeric"
"Dominican Republic";"Altice (ex-Orange) Dominicana";"370";"1";"0.0260";"Dynamic Alphanumeric"
"Dominican Republic";"Altice (ex-Tricom) Dominicana";"370";"3";"0.0260";"Dynamic Alphanumeric"
"Dominican Republic";"Claro Dominicana";"370";"2";"0.0220";"Dynamic Alphanumeric"
"Dominican Republic";"Viva Dominicana";"370";"4";"0.0105";"Dynamic Alphanumeric"
"Ecuador";"Claro (Conecel S.A.)";"740";"1";"0.0165";"Dynamic Alphanumeric"
"Ecuador";"CNT Mobile (Alegro)";"740";"2";"0.0055";"Random Numeric Sender"
"Ecuador";"Default (Unallocated Prefixes)";"740";"999";"0.0120";"Dynamic Alphanumeric"
"Ecuador";"Movistar (Otecel S.A.)";"740";"0";"0.0150";"Dynamic Alphanumeric"
"Egypt";"Etisalat Egypt";"602";"3";"0.0080";"Dynamic Alphanumeric"
"Egypt";"Orange (Mobinil) Egypt";"602";"1";"0.0070";"Dynamic Alphanumeric"
"Egypt";"Vodafone Egypt";"602";"2";"0.0095";"Random Local Sender"
"El Salvador";"Claro (CTE)";"706";"1";"0.0062";"Dynamic Alphanumeric"
"El Salvador";"Digicel El Salvador ";"706";"2";"0.0040";"Random Numeric Sender"
"El Salvador";"Intelfon (RED)";"706";"5";"0.0105";"Dynamic Alphanumeric"
"El Salvador";"Telefonica El Salvador (Movistar)";"706";"4";"0.0150";"Dynamic Alphanumeric"
"El Salvador";"Tigo El Salvador (Telemovil)";"706";"3";"0.0069";"Dynamic Alphanumeric"
"Equatorial Guinea";"GETESA (Orange)";"627";"1";"0.0043";"Dynamic Alphanumeric"
"Estonia";"Elisa Estonia";"248";"2 5";"0.0065";"Random Numeric Sender"
"Estonia";"Tele2 Estonia";"248";"3";"0.0055";"Random Numeric Sender"
"Estonia";"Telia (EMT) Estonia";"248";"1";"0.0055";"Dynamic Alphanumeric"
"Eswatini";"Swazi MTN";"653";"10";"0.0055";"Dynamic Alphanumeric"
"Ethiopia";"ETMTN";"636";"1";"0.0055";"Dynamic Alphanumeric"
"Falkland Islands";"Sure Falkland Islands";"750";"1";"0.0030";"Dynamic Alphanumeric"
"Faroe Islands";"Faroese Telecom";"288";"1";"0.0070";"Dynamic Alphanumeric"
"Faroe Islands";"Hey Faroe Islands";"288";"2";"0.0070";"Dynamic Alphanumeric"
"Fiji";"Digicel Fiji";"542";"2";"0.0060";"Dynamic Alphanumeric"
"Fiji";"Vodafone Fiji";"542";"1";"0.0120";"Dynamic Alphanumeric"
"Finland";"Alcom";"244";"14";"0.0060";"Dynamic Alphanumeric"
"Finland";"DNA Finland ";"244";"3 12 13";"0.0380";"Dynamic Alphanumeric"
"Finland";"Elisa Finland";"244";"5";"0.0090";"Random Numeric Sender"
"Finland";"Saunalahti";"244";"21";"0.0090";"Random Numeric Sender"
"Finland";"TDC";"244";"10";"0.0445";"Dynamic Alphanumeric"
"Finland";"Telia Finland";"244";"91";"0.0120";"Dynamic Alphanumeric"
"France";"Bouygues Telecom";"208";"20 21 88";"0.0165";"Dynamic Alphanumeric"
"France";"Default (Unallocated Prefixes)";"208";"999";"0.0165";"Dynamic Alphanumeric"
"France";"Iliad - Free Mobile";"208";"15 14";"0.0165";"Dynamic Alphanumeric"
"France";"Lycamobile France";"208";"25";"0.0165";"Dynamic Alphanumeric"
"France";"NJR Mobile";"208";"26";"0.0165";"Dynamic Alphanumeric"
"France";"Orange France";"208";"1 0 2";"0.0165";"Dynamic Alphanumeric"
"France";"SFR";"208";"10 11 13";"0.0165";"Dynamic Alphanumeric"
"France";"Transatel Mobile";"208";"22";"0.0165";"Dynamic Alphanumeric"
"France";"Vectone Mobile";"208";"31";"0.0165";"Dynamic Alphanumeric"
"France";"Virgin Mobile (OMEA)";"208";"23";"0.0165";"Dynamic Alphanumeric"
"French Guiana";"Digicel French Guiana";"742";"20";"0.0235";"Random Numeric Senderno DLR"
"French Guiana";"Orange Caribe French Guiana";"742";"1";"0.0235";"Random Numeric Senderno DLR"
"French Guiana";"Outremer Telecom French Guiana";"742";"2";"0.0105";"Alpha Sender Only"
"French Polynesia";"VINI";"547";"20";"0.0055";"Dynamic Alphanumeric"
"French Polynesia";"Vodafone French Polynesia";"547";"15";"0.0110";"Dynamic Alphanumeric"
"Gabon";"Airtel Gabon";"628";"3";"0.0100";"Dynamic Alphanumeric"
"Gabon";"Gabon Telecom (ex-Libertis)";"628";"1";"0.0035";"Random Numeric Sender"
"Gabon";"Gabon Telecom (ex-Moov)";"628";"2";"0.0030";"Random Numeric Sender"
"Gambia";"Africell";"607";"2";"0.0035";"Dynamic Alphanumeric"
"Gambia";"Comium";"607";"3";"0.0051";"Dynamic Alphanumeric"
"Gambia";"Gamcel";"607";"1";"0.0041";"Dynamic Alphanumeric"
"Gambia";"Qcell";"607";"4";"0.0064";"Dynamic Alphanumeric"
"Georgia";"Beeline";"282";"4";"0.0030";"Random Numeric Sender"
"Georgia";"Geocell";"282";"1";"0.0060";"Random Numeric Sender"
"Georgia";"Magticom";"282";"2";"0.0035";"Dynamic Alphanumeric"
"Germany";"Dolphin Telecom";"262";"12";"0.0320";"Dynamic Alphanumeric"
"Germany";"E-Plus";"262";"3 5";"0.0205";"Dynamic Alphanumeric"
"Germany";"Lycamobile Germany";"262";"43";"0.0110";"Dynamic Alphanumeric"
"Germany";"O2 Germany";"262";"7 8 11";"0.0080";"Dynamic Alphanumeric"
"Germany";"T-Mobile Germany";"262";"1 6";"0.0130";"Dynamic Alphanumeric"
"Germany";"Vodafone Germany (D2)";"262";"2 4 9";"0.0100";"Dynamic Alphanumeric"
"Ghana";"Airtel Ghana";"620";"6";"0.0040";"Dynamic Alphanumeric"
"Ghana";"Globacom";"620";"7";"0.0040";"Dynamic Alphanumeric"
"Ghana";"MTN Ghana";"620";"1";"0.0040";"Dynamic Alphanumeric"
"Ghana";"Tigo Ghana";"620";"3";"0.0040";"Random Numeric Sender"
"Ghana";"Vodafone Ghana";"620";"2";"0.0040";"Dynamic Alphanumeric"
"Gibraltar";"Gibtel";"266";"1";"0.0045";"Random Numeric Sender"
"Greece";"Cosmote";"202";"1 3";"0.0100";"Random Numeric Sender"
"Greece";"Q Telecom";"202";"9";"0.0415";"Direct Connection"
"Greece";"Vodafone Greece";"202";"5 14 140";"0.0100";"Random Numeric Sender"
"Greece";"Wind Greece";"202";"10";"0.0415";"Direct Connection"
"Greenland";"TELE Greenland";"290";"1";"0.0055";"Dynamic Alphanumeric"
"Grenada";"Digicel Grenada";"352";"30 130";"0.0275";"Dynamic Alphanumeric"
"Grenada";"Flow (C&W) Grenada";"352";"110";"0.0075";"Dynamic Alphanumeric"
"Guadeloupe";"Digicel Guadeloupe";"340";"20 995";"0.0055";"Dynamic Alphanumeric"
"Guadeloupe";"Orange Caraibes Guadeloupe";"340";"1";"0.0135";"Dynamic Alphanumeric"
"Guadeloupe";"Outremer Telecom Guadeloupe";"340";"2 994";"0.0095";"Random Numeric Sender"
"Guadeloupe";"Telcell (Saint Martin et Saint Barthelemy Telcell Sarl)";"340";"3";"0.0075";"Alphanumeric Sender"
"Guam";"Docomo Pacific (Hafatel)";"535";"470";"0.0028";"Dynamic Alphanumeric"
"Guam";"iConnect";"535";"260";"0.0028";"Dynamic Alphanumeric"
"Guam";"Pulse Mobile (GTA Wireless)";"535";"140";"0.0028";"Random Numeric Sender"
"Guam";"Wave Runner (i CAN_GSM)";"535";"250";"0.0028";"Random Numeric Sender"
"Guatemala";"Claro Guatemala";"704";"1";"0.0050";"Dynamic Alphanumeric"
"Guatemala";"Telefonica Guatemala (Movistar)";"704";"3";"0.0155";"Dynamic Alphanumeric"
"Guatemala";"Tigo Guatemala (Comcel)";"704";"2";"0.0120";"Random Numeric Sender"
"Guinea";"Cellcom Guinea";"611";"5";"0.0050";"Dynamic Alphanumeric"
"Guinea";"MTN Guinea";"611";"4";"0.0041";"Dynamic Alphanumeric"
"Guinea";"Orange Guinea";"611";"1";"0.0290";"Dynamic Alphanumeric"
"Guinea";"Sotelgui (Lagui)";"611";"2";"0.0054";"Dynamic Alphanumeric"
"Guinea";"Telecel Guinea";"611";"3";"0.0043";"Dynamic Alphanumeric"
"Guinea-Bissau";"Guinetel";"632";"7";"0.0070";"Dynamic Alphanumeric"
"Guinea-Bissau";"MTN Guinea-Bissau (Spacetel)";"632";"2";"0.0060";"Dynamic Alphanumeric"
"Guinea-Bissau";"Orange Bissau";"632";"3";"0.0045";"Dynamic Alphanumeric"
"Guyana";"Digicel Guyana";"738";"1";"0.0045";"Random Numeric Sender"
"Guyana";"Telephone Guyana (Cellink)";"738";"2";"0.0045";"Random Numeric Sender"
"Haiti";"Digicel Haiti";"372";"2";"0.0065";"Random Numeric Sender"
"Haiti";"Natcom";"372";"3";"0.0050";"Dynamic Alphanumeric"
"Honduras";"Claro Honduras ";"708";"1 10 40 4";"0.0055";"Dynamic Alphanumeric"
"Honduras";"Hondutel";"708";"30";"0.0070";"Dynamic Alphanumeric"
"Honduras";"Tigo Honduras (Celtel)";"708";"2";"0.0090";"Dynamic Alphanumeric"
"Hong Kong";"China Mobile Hong Kong";"454";"12 13";"0.0100";"Random Numeric Sender"
"Hong Kong";"China Motion Mobile";"454";"9";"0.0150";"Dynamic Alphanumeric"
"Hong Kong";"China Unicom Hong Kong";"454";"7";"0.0150";"Dynamic Alphanumeric"
"Hong Kong";"China-Hong Kong Telecom";"454";"11";"0.0150";"Dynamic Alphanumeric"
"Hong Kong";"CITIC Telecom 1616";"454";"1";"0.0150";"Dynamic Alphanumeric"
"Hong Kong";"CSL";"454";"0 2 10 18";"0.0105";"Random Numeric Sender"
"Hong Kong";"Hong Kong Telecommunications (HKT) Ltd";"454";"16 19 29";"0.0105";"Random Numeric Sender"
"Hong Kong";"SmarTone Mobile";"454";"6 15 17";"0.0170";"Dynamic Alphanumeric"
"Hong Kong";"Three Hong Kong";"454";"3 4 5 14";"0.0170";"Dynamic Alphanumeric"
"Hong Kong";"TruPhone Hong Kong";"454";"8";"0.0150";"Dynamic Alphanumeric"
"Hungary";"Telekom Hungary";"216";"30";"0.0100";"Only Numeric Sender.Alpha Sender will be replaced"
"Hungary";"Telenor Hungary";"216";"1";"0.0240";"Random Numeric Sender"
"Hungary";"Vodafone Hungary";"216";"70";"0.0089";"Dynamic Alphanumeric"
"Iceland";"Hringidan (IMC Viking)";"274";"4";"0.0066";"Dynamic Alphanumeric"
"Iceland";"Nova";"274";"11";"0.0050";"Dynamic Alphanumeric"
"Iceland";"Siminn";"274";"1 8 12";"0.0050";"Dynamic Alphanumeric"
"Iceland";"Vodafone Iceland";"274";"2 3";"0.0050";"Dynamic Alphanumeric"
"India";"Aircel Ltd.";"404";"42";"0.0022";"Dynamic Alphanumeric"
"India";"Aircel Ltd. (Aircel -Chennai)";"404";"41";"0.0018";"Dynamic Alphanumeric"
"India";"Aircell Digilink India";"404";"17";"0.0022";"Dynamic Alphanumeric"
"India";"All Operators (new Prefixes)";"404";"999";"0.0022";"Dynamic Alphanumeric"
"India";"Bharat Sanchar Nigam Limited  (CellOne - Andhra Pradesh)";"404";"73";"0.0018";"Dynamic Alphanumeric"
"India";"Bharat Sanchar Nigam Limited  (CellOne - Assam)";"404";"38 79";"0.0018";"Dynamic Alphanumeric"
"India";"Bharat Sanchar Nigam Limited  (CellOne - Bihar)";"404";"75";"0.0018";"Dynamic Alphanumeric"
"India";"Bharat Sanchar Nigam Limited  (CellOne - Chennai)";"404";"64";"0.0018";"Dynamic Alphanumeric"
"India";"Bharat Sanchar Nigam Limited  (CellOne - Gujarat)";"404";"57";"0.0018";"Dynamic Alphanumeric"
"India";"Bharat Sanchar Nigam Limited  (CellOne - Himachal Pradesh)";"404";"51";"0.0022";"Dynamic Alphanumeric"
"India";"Bharat Sanchar Nigam Limited  (CellOne - Jammu & Kashmir)";"404";"62";"0.0022";"Dynamic Alphanumeric"
"India";"Bharat Sanchar Nigam Limited  (CellOne - Karnataka)";"404";"71";"0.0022";"Dynamic Alphanumeric"
"India";"Bharat Sanchar Nigam Limited  (CellOne - Kerala)";"404";"72";"0.0017";"Dynamic Alphanumeric"
"India";"Bharat Sanchar Nigam Limited  (CellOne - Madhya Pradesh)";"404";"58";"0.0022";"Dynamic Alphanumeric"
"India";"Bharat Sanchar Nigam Limited  (CellOne - Maharashtra)";"404";"66";"0.0017";"Dynamic Alphanumeric"
"India";"Bharat Sanchar Nigam Limited  (CellOne - North East)";"404";"77";"0.0022";"Dynamic Alphanumeric"
"India";"Bharat Sanchar Nigam Limited  (CellOne - Orissa)";"404";"76";"0.0022";"Dynamic Alphanumeric"
"India";"Bharat Sanchar Nigam Limited  (CellOne - Punjab)";"404";"53";"0.0022";"Dynamic Alphanumeric"
"India";"Bharat Sanchar Nigam Limited  (CellOne - Rajasthan)";"404";"59";"0.0022";"Dynamic Alphanumeric"
"India";"Bharat Sanchar Nigam Limited  (CellOne - Uttar Pradesh West)";"404";"54";"0.0022";"Dynamic Alphanumeric"
"India";"Bharat Sanchar Nigam Limited (CellOne -  West Bengal)";"404";"74";"0.0022";"Dynamic Alphanumeric"
"India";"Bharat Sanchar Nigam Limited (CellOne - Kolkata)";"404";"81";"0.0022";"Dynamic Alphanumeric"
"India";"Bharat Sanchar Nigam Limited (CellOne - Tamil Nadu)";"404";"80";"0.0022";"Dynamic Alphanumeric"
"India";"Bharat Sanchar Nigam Limited (CellOne - Uttar Pradesh East)";"404";"55";"0.0022";"Dynamic Alphanumeric"
"India";"Bharat Sanchar Nigam Ltd (BSNL)";"404";"34";"0.0022";"Dynamic Alphanumeric"
"India";"Bharti Airtel Ltd (Airtel - Andhra Pradesh Circle)";"404";"49";"0.0018";"Dynamic Alphanumeric"
"India";"Bharti Airtel Ltd (Airtel - Chennai)";"404";"40";"0.0018";"Dynamic Alphanumeric"
"India";"Bharti Airtel Ltd (Airtel - Delhi)";"404";"10";"0.0018";"Dynamic Alphanumeric"
"India";"Bharti Airtel Ltd (Airtel - Gujarat)";"404";"98";"0.0018";"Dynamic Alphanumeric"
"India";"Bharti Airtel Ltd (Airtel - Haryana)";"404";"96";"0.0018";"Dynamic Alphanumeric"
"India";"Bharti Airtel Ltd (Airtel - Himachal Pradesh Circle)";"404";"3";"0.0018";"Dynamic Alphanumeric"
"India";"Bharti Airtel Ltd (Airtel - Karnataka)";"404";"45";"0.0018";"Dynamic Alphanumeric"
"India";"Bharti Airtel Ltd (Airtel - Kerala)";"404";"95";"0.0018";"Dynamic Alphanumeric"
"India";"Bharti Airtel Ltd (Airtel - Kolkata)";"404";"31";"0.0018";"Dynamic Alphanumeric"
"India";"Bharti Airtel Ltd (Airtel - Madhya Pradesh)";"404";"93";"0.0018";"Dynamic Alphanumeric"
"India";"Bharti Airtel Ltd (Airtel - Maharashtra)";"404";"90";"0.0018";"Dynamic Alphanumeric"
"India";"Bharti Airtel Ltd (Airtel - Mumbai Metro)";"404";"92";"0.0018";"Dynamic Alphanumeric"
"India";"Bharti Airtel Ltd (Airtel - Punjab)";"404";"2 6";"0.0018";"Dynamic Alphanumeric"
"India";"Bharti Airtel Ltd (Airtel - Rajasthan)";"404";"70";"0.0022";"Dynamic Alphanumeric"
"India";"Bharti Airtel Ltd (Airtel - Tamil Nadu)";"404";"94";"0.0018";"Dynamic Alphanumeric"
"India";"Bharti Airtel Ltd (Airtel - Uttar Pradesh West))";"404";"97";"0.0018";"Dynamic Alphanumeric"
"India";"Bharti Airtel Ltd (North East)";"404";"16";"0.0022";"Dynamic Alphanumeric"
"India";"BPL Mobile Communications Ltd";"404";"21";"0.0022";"Dynamic Alphanumeric"
"India";"Dishnet Wireless Ltd (Aircel - Assam)";"404";"29";"0.0022";"Dynamic Alphanumeric"
"India";"Dishnet Wireless Ltd (Aircel - Himachal Pradesh)";"404";"35";"0.0022";"Dynamic Alphanumeric"
"India";"Dishnet Wireless Ltd (Aircel - Jammu & Kashmir)";"404";"37";"0.0022";"Dynamic Alphanumeric"
"India";"Dishnet Wireless Ltd (Aircel - Kolkata)";"404";"91";"0.0022";"Dynamic Alphanumeric"
"India";"Dishnet Wireless Ltd (Aircel - North East)";"404";"33";"0.0022";"Dynamic Alphanumeric"
"India";"Dishnet Wireless Ltd (Aircel - Orissa)";"404";"28";"0.0022";"Dynamic Alphanumeric"
"India";"Escorts Telecom";"404";"82";"0.0022";"Dynamic Alphanumeric"
"India";"Escotel Mobile Communications";"404";"12";"0.0022";"Dynamic Alphanumeric"
"India";"FASCEL";"404";"5";"0.0017";"Dynamic Alphanumeric"
"India";"Hutchinson Essar South Ltd.";"404";"13";"0.0018";"Random Numeric Sender"
"India";"IDEA Cellular";"404";"22";"0.0018";"Dynamic Alphanumeric"
"India";"IDEA Cellular Ltd (Escotel - Kerala)";"404";"19";"0.0017";"Dynamic Alphanumeric"
"India";"IDEA Cellular Ltd (Escotel - Uttar Pradesh West)";"404";"56";"0.0018";"Dynamic Alphanumeric"
"India";"IDEA Cellular Ltd (IDEA - Andhra Pradesh)";"404";"7";"0.0017";"Dynamic Alphanumeric"
"India";"IDEA Cellular Ltd (IDEA - Delhi)";"404";"4";"0.0018";"Dynamic Alphanumeric"
"India";"IDEA Cellular Ltd (IDEA - Gujarat)";"404";"24";"0.0017";"Dynamic Alphanumeric"
"India";"IDEA Cellular Ltd (IDEA - Madhya Pradesh)";"404";"78";"0.0018";"Dynamic Alphanumeric"
"India";"IDEA Cellular Ltd (IDEA - Rajasthan)";"404";"87";"0.0017";"Dynamic Alphanumeric"
"India";"IDEA Cellular Ltd (IDEA - Uttar Pradesh East)";"404";"89";"0.0017";"Random Numeric Sender"
"India";"IDEA Cellular Ltd (Spice Telecom - Karnataka)";"404";"44";"0.0017";"Dynamic Alphanumeric"
"India";"Mahanagar Telephone Nigam - Mumbai";"404";"69";"0.0022";"Dynamic Alphanumeric"
"India";"Mahanagar Telephone Nigam Ltd (MTNL)";"404";"68";"0.0017";"Dynamic Alphanumeric"
"India";"Reliance Communications Ltd (Assam)";"404";"9";"0.0022";"Dynamic Alphanumeric"
"India";"Reliance Communications Ltd (Himachal Pradesh Circle)";"404";"18";"0.0022";"Dynamic Alphanumeric"
"India";"Reliance Communications Ltd (Kolkata)";"404";"83";"0.0022";"Dynamic Alphanumeric"
"India";"Reliance Communications Ltd (Madhya Pradesh)";"404";"67";"0.0017";"Dynamic Alphanumeric"
"India";"Reliance Communications Ltd (North East)";"404";"50";"0.0022";"Dynamic Alphanumeric"
"India";"Reliance Communications Ltd (Orissa Circle)";"404";"52";"0.0022";"Dynamic Alphanumeric"
"India";"Reliance Communications Ltd (West Bengal)";"404";"85";"0.0022";"Dynamic Alphanumeric"
"India";"Reliance Telecom (Bihar & Jharkhand)";"404";"36";"0.0022";"Dynamic Alphanumeric"
"India";"Spice Communications Pvt Ltd";"404";"14";"0.0017";"Dynamic Alphanumeric"
"India";"Sterling Cellular";"404";"11";"0.0017";"Dynamic Alphanumeric"
"India";"TATA Indicom";"404";"25";"0.0022";"Dynamic Alphanumeric"
"India";"Vodafone Essar Cellular Limited  (Vodafone - Maharashtra & Goa)";"404";"27";"0.0017";"Dynamic Alphanumeric"
"India";"Vodafone Essar Cellular Ltd (Vodafone - Kerala)";"404";"46";"0.0018";"Dynamic Alphanumeric"
"India";"Vodafone Essar Cellular Ltd (Vodafone - Tamil Nadu)";"404";"43";"0.0017";"Dynamic Alphanumeric"
"India";"Vodafone Essar Digilink Ltd (Vodafone - Rajasthan)";"404";"60";"0.0018";"Dynamic Alphanumeric"
"India";"Vodafone Essar Digilink Ltd (Vodafone - Uttar Pradesh East)";"404";"15";"0.0018";"Dynamic Alphanumeric"
"India";"Vodafone Essar Ltd (Vodafone - Mumbai)";"404";"20";"0.0017";"Dynamic Alphanumeric"
"India";"Vodafone Essar South";"404";"1";"0.0018";"Dynamic Alphanumeric"
"India";"Vodafone Essar South Ltd (Vodafone - Chennai)";"404";"84";"0.0018";"Dynamic Alphanumeric"
"India";"Vodafone Essar South Ltd (Vodafone - Karnataka)";"404";"86";"0.0018";"Dynamic Alphanumeric"
"India";"Vodafone Essar South Ltd (Vodafone - Punjab)";"404";"88";"0.0018";"Dynamic Alphanumeric"
"India2";"Bharti Airtel Ltd (Airtel - Assam)";"405";"56";"0.0018";"Dynamic Alphanumeric"
"India2";"Bharti Airtel Ltd (Airtel - Bihar)";"405";"52";"0.0018";"Dynamic Alphanumeric"
"India2";"Bharti Airtel Ltd (Airtel - Jammu & Kashmir)";"405";"55";"0.0018";"Dynamic Alphanumeric"
"India2";"Bharti Airtel Ltd (Airtel - Orissa)";"405";"53";"0.0018";"Dynamic Alphanumeric"
"India2";"Bharti Airtel Ltd (Airtel - Uttar Pradesh East)";"405";"54";"0.0018";"Dynamic Alphanumeric"
"India2";"Bharti Airtel Ltd (Airtel - West Bengal)";"405";"51";"0.0018";"Dynamic Alphanumeric"
"India2";"Dishnet Wireless Ltd (Aircel - Andhra Pradesh)";"405";"801";"0.0022";"Dynamic Alphanumeric"
"India2";"Dishnet Wireless Ltd (Aircel - Delhi Metro)";"405";"800";"0.0022";"Dynamic Alphanumeric"
"India2";"Dishnet Wireless Ltd (Aircel - Karnataka)";"405";"803 83";"0.0022";"Dynamic Alphanumeric"
"India2";"Dishnet Wireless Ltd (Aircel - Kerala Service Telecom Area)";"405";"809";"0.0022";"Dynamic Alphanumeric"
"India2";"Dishnet Wireless Ltd (Aircel - Maharashtra & Goa)";"405";"804";"0.0022";"Dynamic Alphanumeric"
"India2";"Dishnet Wireless Ltd (Aircel - Mumbai Metro)";"405";"805 85";"0.0022";"Dynamic Alphanumeric"
"India2";"Dishnet Wireless Ltd (Aircel - Rajasthan)";"405";"806";"0.0022";"Dynamic Alphanumeric"
"India2";"Dishnet Wireless Ltd (Aircel - Uttar Pradesh East)";"405";"810";"0.0022";"Dynamic Alphanumeric"
"India2";"Dishnet Wireless Ltd (Aircel - Uttar Pradesh West)";"405";"811";"0.0022";"Dynamic Alphanumeric"
"India2";"IDEA Cellular Ltd (IDEA - Behar)";"405";"70";"0.0018";"Dynamic Alphanumeric"
"India2";"IDEA Cellular Ltd (IDEA - Mumbai)";"405";"799";"0.0018";"Dynamic Alphanumeric"
"India2";"IDEA Cellular Ltd (IDEA - Orissa)";"405";"850";"0.0018";"Dynamic Alphanumeric"
"India2";"IDEA Cellular Ltd (IDEA - Tamilnadu Inc Chennai)";"405";"852";"0.0018";"Dynamic Alphanumeric"
"India2";"India2 Default";"405";"999";"0.0035";"Dynamic Alphanumeric"
"India2";"Reliance Communications Ltd (Andhra Pradesh)";"405";"1";"0.0022";"Dynamic Alphanumeric"
"India2";"Reliance Communications Ltd (Delhi)";"405";"5";"0.0022";"Dynamic Alphanumeric"
"India2";"Reliance Communications Ltd (Gujarat)";"405";"6 60";"0.0022";"Dynamic Alphanumeric"
"India2";"Reliance Communications Ltd (Haryana)";"405";"7";"0.0022";"Dynamic Alphanumeric"
"India2";"Reliance Communications Ltd (Jammu & Kashmir)";"405";"9";"0.0022";"Dynamic Alphanumeric"
"India2";"Reliance Communications Ltd (Karnataka)";"405";"10";"0.0022";"Dynamic Alphanumeric"
"India2";"Reliance Communications Ltd (Kerala)";"405";"11";"0.0022";"Dynamic Alphanumeric"
"India2";"Reliance Communications Ltd (Maharashtra)";"405";"13";"0.0022";"Dynamic Alphanumeric"
"India2";"Reliance Communications Ltd (Mumbai)";"405";"15";"0.0022";"Dynamic Alphanumeric"
"India2";"Reliance Communications Ltd (Punjab)";"405";"18";"0.0022";"Dynamic Alphanumeric"
"India2";"Reliance Communications Ltd (Rajasthan)";"405";"19";"0.0022";"Dynamic Alphanumeric"
"India2";"Reliance Communications Ltd (Tamil Nadu)";"405";"20";"0.0022";"Dynamic Alphanumeric"
"India2";"Reliance Communications Ltd (Uttar Pradesh East)";"405";"21";"0.0022";"Dynamic Alphanumeric"
"India2";"Reliance Communications Ltd (Uttar Pradesh West)";"405";"22";"0.0022";"Dynamic Alphanumeric"
"India2";"Tata Teleservices Ltd (Tata Indicom - Andhra Pradesh)";"405";"25";"0.0022";"Dynamic Alphanumeric"
"India2";"Tata Teleservices Ltd (Tata Indicom - Bihar)";"405";"27";"0.0022";"Dynamic Alphanumeric"
"India2";"Tata Teleservices Ltd (Tata Indicom - Delhi)";"405";"29";"0.0022";"Dynamic Alphanumeric"
"India2";"Tata Teleservices Ltd (Tata Indicom - Gujarat)";"405";"30";"0.0022";"Dynamic Alphanumeric"
"India2";"Tata Teleservices Ltd (Tata Indicom - Haryana)";"405";"31";"0.0022";"Dynamic Alphanumeric"
"India2";"Tata Teleservices Ltd (Tata Indicom - Himachal Pradesh)";"405";"32";"0.0022";"Dynamic Alphanumeric"
"India2";"Tata Teleservices Ltd (Tata Indicom - Karnataka)";"405";"34";"0.0018";"Random Numeric Sender"
"India2";"Tata Teleservices Ltd (Tata Indicom - Kerala)";"405";"35";"0.0022";"Dynamic Alphanumeric"
"India2";"Tata Teleservices Ltd (Tata Indicom - Kolkata)";"405";"36";"0.0022";"Dynamic Alphanumeric"
"India2";"Tata Teleservices Ltd (Tata Indicom - Madhya Pradesh)";"405";"38";"0.0022";"Dynamic Alphanumeric"
"India2";"Tata Teleservices Ltd (Tata Indicom - Maharashtra)";"405";"37";"0.0022";"Dynamic Alphanumeric"
"India2";"Tata Teleservices Ltd (Tata Indicom - Mumbai)";"405";"39";"0.0022";"Dynamic Alphanumeric"
"India2";"Tata Teleservices Ltd (Tata Indicom - Orissa)";"405";"41";"0.0022";"Dynamic Alphanumeric"
"India2";"Tata Teleservices Ltd (Tata Indicom - Punjab)";"405";"42";"0.0022";"Dynamic Alphanumeric"
"India2";"Tata Teleservices Ltd (Tata Indicom - Rajasthan)";"405";"43";"0.0022";"Dynamic Alphanumeric"
"India2";"Tata Teleservices Ltd (Tata Indicom - Tamil Nadu)";"405";"44";"0.0022";"Dynamic Alphanumeric"
"India2";"Tata Teleservices Ltd (Tata Indicom - Uttar Pradesh East)";"405";"45";"0.0022";"Dynamic Alphanumeric"
"India2";"Tata Teleservices Ltd (Tata Indicom - Uttar Pradesh West)";"405";"46";"0.0022";"Dynamic Alphanumeric"
"India2";"Tata Teleservices Ltd (Tata Indicom - West Bengal)";"405";"47";"0.0022";"Dynamic Alphanumeric"
"India2";"Unitech Wireless Limited (uninor - Andhra Pradesh)";"405";"819";"0.0022";"Dynamic Alphanumeric"
"India2";"Unitech Wireless Limited (uninor - Karnataka)";"405";"820";"0.0022";"Dynamic Alphanumeric"
"India2";"Unitech Wireless Limited (uninor - Kerala)";"405";"821";"0.0022";"Dynamic Alphanumeric"
"India2";"Unitech Wireless Limited (uninor - Uttar Pradesh West)";"405";"818";"0.0022";"Dynamic Alphanumeric"
"India2";"Videocon Datacom (Assam)";"405";"824";"0.0022";"Dynamic Alphanumeric"
"India2";"Videocon Datacom (Madhya Pradesh)";"405";"834";"0.0022";"Dynamic Alphanumeric"
"India2";"Vodafone Essar South Limited (Vodafone - UP West)";"405";"66";"0.0018";"Dynamic Alphanumeric"
"India2";"Vodafone Essar South Limited (Vodafone - West Bengal)";"405";"67";"0.0018";"Dynamic Alphanumeric"
"India2";"Vodafone Essar Spacetel Ltd (Vodafone - Assam)";"405";"751";"0.0018";"Dynamic Alphanumeric"
"India2";"Vodafone Essar Spacetel Ltd (Vodafone - Bihar)";"405";"752";"0.0018";"Dynamic Alphanumeric"
"India2";"Vodafone Essar Spacetel Ltd (Vodafone - Himachal Pradesh)";"405";"754";"0.0018";"Dynamic Alphanumeric"
"India2";"Vodafone Essar Spacetel Ltd (Vodafone - Jammu & Kashmir)";"405";"750";"0.0018";"Dynamic Alphanumeric"
"India2";"Vodafone Essar Spacetel Ltd (Vodafone - Madhya Pradesh)";"405";"756";"0.0018";"Dynamic Alphanumeric"
"India2";"Vodafone Essar Spacetel Ltd (Vodafone - NorthEast)";"405";"755";"0.0018";"Dynamic Alphanumeric"
"India2";"Vodafone Essar Spacetel Ltd (Vodafone - Orissa)";"405";"753";"0.0018";"Dynamic Alphanumeric"
"India2";"Vodafone Madhya Pradesh";"405";"68";"0.0018";"Dynamic Alphanumeric"
"Indonesia";"AXIS";"510";"8";"0.0080";"Dynamic Alphanumeric"
"Indonesia";"Indosat Ooredoo";"510";"1 21";"0.0065";"Random Numeric Sender"
"Indonesia";"Smartfren";"510";"9 28";"0.0080";"Senders change to InfoSMS"
"Indonesia";"Telkomsel";"510";"10 20";"0.0065";"Dynamic Alphanumeric"
"Indonesia";"Three Indonesia";"510";"89";"0.0065";"Random Numeric Sender"
"Indonesia";"XL Axiata";"510";"11";"0.0080";"Dynamic Alphanumeric"
"International Networks";"Thuraya";"901";"5";"0.0475";"Dynamic Alphanumeric"
"Iran";"KFZO (TKC)";"432";"14";"0.0049";"Dynamic Alphanumeric"
"Iran";"MCI";"432";"11";"0.0035";"Random Numeric Sender"
"Iran";"MTN (Irancell)";"432";"35";"0.0080";"Dynamic Alphanumeric"
"Iran";"Taliya";"432";"32";"0.0095";"Dynamic Alphanumeric"
"Iraq";"Asia Cell (Ooreddo)";"418";"5 0 1";"0.0250";"Random Numeric Sender"
"Iraq";"KorekTel";"418";"40 91";"0.0069";"Dynamic Alphanumeric"
"Iraq";"SanaTel";"418";"8 2 82 93";"0.0040";"Dynamic Alphanumeric"
"Iraq";"Zain Iraq";"418";"20 30";"0.0055";"Random Numeric Sender"
"Ireland";"Eir Mobile (ex-Meteor) Ireland";"272";"3 7 8";"0.0065";"Random Numeric Sender"
"Ireland";"Lycamobile Ireland";"272";"13";"0.0075";"Dynamic Alphanumeric"
"Ireland";"Tesco Mobile";"272";"11";"0.0070";"Random Numeric Sender"
"Ireland";"Three Ireland";"272";"5 17";"0.0085";"Random Numeric Sender"
"Ireland";"Three Ireland (O2)";"272";"2";"0.0265";"Dynamic Alphanumeric"
"Ireland";"Vodafone Ireland";"272";"1 12";"0.0105";"Dynamic Alphanumeric"
"Israel";"Cellcom Israel";"425";"2";"0.0030";"Dynamic Alphanumeric"
"Israel";"Golan Telecom Israel";"425";"8";"0.0030";"Dynamic Alphanumeric"
"Israel";"Hot Mobile Israel";"425";"7";"0.0030";"Dynamic Alphanumeric"
"Israel";"Jawwal";"425";"5";"0.0405";"Random Numeric Sender"
"Israel";"Partner Israel (Orange)";"425";"1";"0.0030";"Random Numeric Sender"
"Israel";"Pelephone Israel";"425";"3";"0.0030";"Dynamic Alphanumeric"
"Israel";"Wataniya Palestine (ooredoo)";"425";"6";"0.0060";"Random Numeric Sender"
"Israel";"YouPhone Israel (MVNO Orange)";"425";"14";"0.0030";"Dynamic Alphanumeric"
"Italy";"Iliad Italy";"222";"50";"0.0275";"Alpha Sender Only"
"Italy";"LycaMobile Italy";"222";"35";"0.0275";"Alpha Sender Only"
"Italy";"Noverca";"222";"7";"0.0275";"Alpha Sender Only"
"Italy";"Poste Mobile";"222";"33";"0.0275";"Alpha Sender Only"
"Italy";"Three Italy";"222";"99";"0.0275";"Alpha Sender Only"
"Italy";"TIM Italy";"222";"1";"0.0275";"Alpha Sender Only"
"Italy";"Vodafone Italy";"222";"10";"0.0275";"Alpha Sender Only"
"Italy";"Wind Italy";"222";"88";"0.0275";"Alpha Sender Only"
"Jamaica";"Digicel Jamaica";"338";"50 5";"0.0034";"Random Numeric Sender"
"Jamaica";"Flow Jamaica (LIME - CWC)";"338";"180 18 20";"0.0034";"Random Numeric Sender"
"Japan";"KDDI";"440";"7 8 50 51 52 53 54 55 56 70 71 72 73 74 75 76 77 79 80 81 82 83 84 85 86 88 89";"0.0090";"Random Numeric Sender"
"Japan";"NTT DoCoMo";"440";"1 2 3 9 10 11 12 13 14 15 16 17 18 19 21 22 23 24 25 26 27 28 29 30 31 32 33 34 35 36 37 38 39 49 58 60 61 62 63 64 65 66 67 68 69 87 99";"0.0075";"Dynamic Alphanumeric"
"Japan";"SoftBank Mobile";"440";"20 4 6 40 41 42 43 44 45 46 47 48 90 92 93 94 95 96 97 98";"0.0055";"Dynamic Alphanumeric"
"Japan";"Y!mobile";"440";"0";"0.0055";"Dynamic Alphanumeric"
"Jordan";"Orange Jordan";"416";"77";"0.0740";"Alpha Sender Only"
"Jordan";"Umniah";"416";"3";"0.0040";"Random Numeric Sender"
"Jordan";"Zain Jordan";"416";"1";"0.0715";"Dynamic Alphanumeric"
"Kazakhstan";"Beeline Kazakhstan";"401";"1";"0.0075";"Dynamic Alphanumeric"
"Kazakhstan";"Kcell";"401";"2";"0.0360";"Senders are Being Replaced"
"Kazakhstan";"Tele2 Kazakhstan";"401";"77";"0.0080";"Senders are Being Replaced"
"Kenya";"Airtel Kenya (ex-Econet)";"639";"5 75";"0.0054";"GSM GSM 900/1800"
"Kenya";"Airtel Kenya (Zain)";"639";"3 73";"0.0054";"GSM GSM 900"
"Kenya";"Safaricom";"639";"2 72";"0.0048";"GSM GSM 900/1800"
"Kenya";"Telkom Kenya (Orange)";"639";"7 77 1";"0.0048";"GSM GSM 900/1800,CDMA2000 1X WLL 450,CDMA2000 1X EV-DO WLL 800"
"Korea, Republic of";"Korea Telecom";"450";"2 4 8";"0.0095";"Dynamic Alphanumeric"
"Korea, Republic of";"LG U+";"450";"6 3";"0.0095";"Dynamic Alphanumeric"
"Korea, Republic of";"SK Telecom";"450";"5";"0.0095";"Dynamic Alphanumeric"
"Kuwait";" Ooredoo Kuwait";"419";"3";"0.0053";"Dynamic Alphanumeric"
"Kuwait";"Viva Kuwait";"419";"4";"0.0045";"Random Numeric Sender"
"Kuwait";"Zain Kuwait (MTC)";"419";"2";"0.0045";"Dynamic Alphanumeric"
"Kyrgyzstan";"Beeline (Sky Mobile)";"437";"1";"0.0050";"Dynamic Alphanumeric"
"Kyrgyzstan";"MegaCom";"437";"5";"0.0060";"Dynamic Alphanumeric"
"Kyrgyzstan";"O!";"437";"9";"0.0045";"Dynamic Alphanumeric"
"Lao People`s Democratic Republic";"Beeline Laos";"457";"8";"0.0030";"Dynamic Alphanumeric"
"Lao People`s Democratic Republic";"ETL Laos";"457";"2";"0.0065";"Dynamic Alphanumeric"
"Lao People`s Democratic Republic";"Lao Telecom";"457";"1";"0.0069";"Dynamic Alphanumeric"
"Lao People`s Democratic Republic";"Unitel Laos";"457";"3";"0.0060";"Dynamic Alphanumeric"
"Latvia";"Bite Latvia";"247";"5";"0.0065";"Dynamic Alphanumeric"
"Latvia";"LMT Latvia";"247";"1";"0.0086";"Alpha Sender Only"
"Latvia";"Tele2 Latvia";"247";"2";"0.0075";"Random Numeric Sender"
"Lebanon";"ALFA";"415";"1 34 32 33";"0.0050";"Dynamic Alphanumeric"
"Lebanon";"MTC Touch";"415";"3 36 37 38 39";"0.0045";"Random Numeric Sender"
"Lesotho";"Econet Ezi-Cel";"651";"2";"0.0050";"Dynamic Alphanumeric"
"Lesotho";"Vodacom Lesotho";"651";"1";"0.0035";"Numeric sender only"
"Liberia";"Comium Liberia";"618";"4";"0.0050";"Dynamic Alphanumeric"
"Liberia";"Lonestar Cell (MTN)";"618";"1";"0.0100";"Dynamic Alphanumeric"
"Liberia";"Orange Liberia (ex-Cellcom)";"618";"7 3";"0.0045";"Dynamic Alphanumeric"
"Libya";"Al Madar (Orbit)";"606";"1";"0.0034";"Random Numeric Sender"
"Libya";"Libyana Mobile";"606";"0";"0.0055";"Dynamic Alphanumeric"
"Lithuania";"Bite Lithuania";"246";"2";"0.0095";"Dynamic Alphanumeric"
"Lithuania";"Tele2 Lithuania";"246";"3";"0.0085";"Random Numeric Sender"
"Lithuania";"Telia (ex-Omnitel)";"246";"1";"0.0085";"Dynamic Alphanumeric"
"Luxembourg";"Orange Luxembourg (ex-VOXmobile)";"270";"99";"0.0085";"Dynamic Alphanumeric"
"Luxembourg";"POST Luxembourg (ex-LuxGSM)";"270";"1";"0.0055";"Random Numeric Sender"
"Luxembourg";"Tango Luxembourg";"270";"77";"0.0055";"Random Numeric Sender"
"Macau";"3 Macau";"455";"3 5";"0.0030";"Dynamic Alphanumeric"
"Macau";"China Telecom Macau";"455";"2";"0.0120";"Dynamic Alphanumeric"
"Macau";"CTM Macau";"455";"1 4";"0.0025";"Dynamic Alphanumeric"
"Macau";"Smartone Macau";"455";"0";"0.0030";"Dynamic Alphanumeric"
"Madagascar";"Airtel Madagascar";"646";"1";"0.0515";"Dynamic Alphanumeric"
"Madagascar";"Orange Madagascar";"646";"2";"0.0055";"Random Numeric Sender"
"Madagascar";"Telma Mobile (Telecel)";"646";"4";"0.0047";"Dynamic Alphanumeric"
"Malawi";"Airtel Malawi (Celtel)";"650";"10";"0.0110";"Dynamic Alphanumeric"
"Malawi";"TNM (Telekom Networks Malawi)";"650";"1";"0.0065";"Dynamic Alphanumeric"
"Malaysia";"Celcom Axiata";"502";"19 13";"0.0073";"Dynamic Alphanumeric"
"Malaysia";"DiGi Telecommunications";"502";"16 10";"0.0054";"Random Numeric Sender"
"Malaysia";"Maxis Mobile";"502";"12 17";"0.0075";"Dynamic Alphanumeric"
"Malaysia";"Tune Talk";"502";"150";"0.0060";"Dynamic Alphanumeric"
"Malaysia";"U Mobile";"502";"18";"0.0043";"Dynamic Alphanumeric"
"Malaysia";"XOX Mobile Malaysia";"502";"195";"0.0060";"Random Numeric Sender"
"Maldives";" Ooredoo Malvides";"472";"2";"0.0030";"Dynamic Alphanumeric"
"Maldives";"Dhiraagu";"472";"1";"0.0030";"Dynamic Alphanumeric"
"Mali";"Malitel (Sotelma)";"610";"1";"0.0040";"Dynamic Alphanumeric"
"Mali";"Orange Mali";"610";"2";"0.0048";"Dynamic Alphanumeric"
"Malta";"Go Mobile";"278";"21";"0.0095";"Dynamic Alphanumeric"
"Malta";"Melita";"278";"77";"0.0095";"Random Numeric Sender"
"Malta";"Vodafone Malta";"278";"1";"0.0061";"Dynamic Alphanumeric"
"Martinique";"Digicel Antilles Martinique";"341";"20";"0.0125";"Numeric Sender Only"
"Martinique";"Orange Caraibe Mobiles Martinique";"341";"1";"0.0080";"Numeric Sender Only"
"Martinique";"Outremer Telecom Martinique";"341";"2";"0.0080";"Dynamic Alphanumeric"
"Mauritania";"Chinguitel";"609";"2";"0.0060";"Dynamic Alphanumeric"
"Mauritania";"Mattel";"609";"1";"0.0390";"Dynamic Alphanumeric"
"Mauritania";"Mauritel Mobiles";"609";"10";"0.0200";"Dynamic Alphanumeric"
"Mauritius";"CHiLi Mauritius (MTML)";"617";"2 3";"0.0095";"Dynamic Alphanumeric"
"Mauritius";"Emtel Mauritius";"617";"10";"0.0030";"Dynamic Alphanumeric"
"Mauritius";"Orange Mauritius (Cellplus)";"617";"1";"0.0340";"Dynamic Alphanumeric"
"Mexico";"AT&T Mexico";"334";"4 40 70 80 90 50";"0.0051";"Dynamic Alphanumeric"
"Mexico";"AT&T Mexico (ex-Nextel)";"334";"1 10";"0.0051";"Dynamic Alphanumeric"
"Mexico";"Movistar Mexico";"334";"3 30";"0.0095";"Dynamic Alphanumeric"
"Mexico";"Telcel Mexico";"334";"2 20";"0.0120";"Direct Connection"
"Micronesia, Federated States of";"FSM Telecom";"550";"1";"0.0040";"Dynamic Alphanumeric"
"Moldova";"MoldCell";"259";"2";"0.0065";"Numeric Sender"
"Moldova";"Orange Moldova";"259";"1";"0.0054";"Dynamic Alphanumeric"
"Moldova";"Unite - IDC ";"259";"3 5";"0.0060";"Dynamic Alphanumeric"
"Monaco";"Monaco Telecom";"212";"1 10";"0.0350";"Alpha Senders are being replaced"
"Mongolia";"G Mobile";"428";"98 6";"0.0350";"Dynamic Alphanumeric"
"Mongolia";"MobiCom Mongolia";"428";"99";"0.0540";"Dynamic Alphanumeric"
"Mongolia";"Skytel Mongolia";"428";"91 1";"0.0045";"Random Numeric Sender"
"Mongolia";"Unitel Mongolia";"428";"88";"0.0045";"Random Numeric Sender"
"Montenegro";"MTEL";"297";"3";"0.0060";"Dynamic Alphanumeric"
"Montenegro";"Telekom Montenegro";"297";"2 4";"0.0060";"Random Numeric Sender"
"Montenegro";"Telenor Montenegro";"297";"1";"0.0060";"Random Numeric Sender"
"Montserrat";"Flow Montserrat";"354";"860";"0.0120";"Dynamic Alphanumeric"
"Morocco";"IAM";"604";"1";"0.0049";"Dynamic Alphanumeric"
"Morocco";"Orange Morocco (ex-Meditel)";"604";"0";"0.0059";"Senders change to Info"
"Morocco";"WANA";"604";"2 3";"0.0060";"Alpha change to INFO"
"Mozambique";"Mcel Mozambique";"643";"1";"0.0045";"Dynamic Alphanumeric"
"Mozambique";"Movitel Mozambique";"643";"3";"0.0030";"Random Numeric Sender"
"Mozambique";"Vodacom Mozambique";"643";"4";"0.0054";"Dynamic Alphanumeric"
"Myanmar";"MPT (Myanmar Post and Telecommunication)";"414";"1 0 2 4";"0.0110";"Dynamic Alphanumeric"
"Myanmar";"Ooredoo Myanmar";"414";"5";"0.0110";"Dynamic Alphanumeric"
"Myanmar";"Telenor Myanmar";"414";"6";"0.0190";"Senders change to InfoSMS"
"Namibia";"MTC Namibia";"649";"1";"0.0045";"Random Numeric Sender"
"Namibia";"TN Mobile Namibia (ex-Cell One)";"649";"3";"0.0040";"Dynamic Alphanumeric"
"Nepal";"Ncell Nepal";"429";"2";"0.0065";"Dynamic Alphanumeric"
"Nepal";"Nepal Telecom (NTC)";"429";"1";"0.0745";"Dynamic Alphanumeric"
"Netherlands";"Blyk Netherlands";"204";"3";"0.0165";"Dynamic Alphanumeric"
"Netherlands";"KPN Netherlands";"204";"8 10 60 69";"0.0165";"Dynamic Alphanumeric"
"Netherlands";"Lycamobile Netherlands";"204";"9";"0.0100";"Dynamic Alphanumeric"
"Netherlands";"Orange Netherlands";"204";"20";"0.0545";"Dynamic Alphanumeric"
"Netherlands";"Tele2 Netherlands";"204";"2";"0.0060";"Random Numeric Sender"
"Netherlands";"Telfort";"204";"12 18";"0.0120";"Dynamic Alphanumeric"
"Netherlands";"Vodafone Netherlands";"204";"4 44";"0.0165";"Dynamic Alphanumeric"
"Netherlands Antilles";"Digicel Netherlands Antilles";"362";"69 50";"0.0170";"Dynamic Alphanumeric"
"Netherlands Antilles";"Telcell Netherlands Antilles";"362";"51";"0.0050";"Dynamic Alphanumeric"
"Netherlands Antilles";"UTS Wireless Curacao Netherlands Antilles";"362";"91 951";"0.0060";"Dynamic Alphanumeric"
"New Caledonia";"Mobilis New Caledonia";"546";"1";"0.0490";"Dynamic Alphanumeric"
"New Zealand";"Spark New Zealand (ex-Telecom)";"530";"5 0 2 6";"0.0056";"Shortcode sender"
"New Zealand";"Two Degrees Mobile";"530";"24";"0.0085";"Dynamic Alphanumeric"
"New Zealand";"Vodafone New Zealand";"530";"1 4 3";"0.0250";"Dynamic Alphanumeric"
"Nicaragua";"Claro Nicaraqua";"710";"21";"0.0205";"Alpha Sender Only"
"Nicaragua";"Telefonica Movil Nicaragua (Movistar)";"710";"300 30";"0.0060";"Dynamic Alphanumeric"
"Niger";"Airtel Niger";"614";"2";"0.0047";"Dynamic Alphanumeric"
"Niger";"Moov Niger";"614";"3";"0.0110";"Dynamic Alphanumeric"
"Niger";"Niger Telecoms";"614";"1";"0.0115";"Dynamic Alphanumeric"
"Niger";"Orange Niger";"614";"4";"0.0270";"Dynamic Alphanumeric"
"Nigeria";"9mobile (ex-Etisalat) Nigeria";"621";"60";"0.0061";"Dynamic Alphanumeric"
"Nigeria";"Airtel Nigeria";"621";"20";"0.0100";"Senders are being Replaced"
"Nigeria";"Glo Mobile Nigeria";"621";"50";"0.0065";"Dynamic Alphanumeric"
"Nigeria";"MTN Nigeria";"621";"30";"0.0200";"Dynamic Alphanumeric"
"North Macedonia";"Telekom North Macedonia";"294";"1 70";"0.0115";"Random Numeric Sender"
"North Macedonia";"Vip (ex-one) North Macedonia";"294";"2";"0.0085";"Random Numeric Sender"
"North Macedonia";"Vip North Macedonia";"294";"3";"0.0085";"Random Numeric Sender"
"Norway";"Ice.net Norway";"242";"14 6";"0.0060";"Dynamic Alphanumeric"
"Norway";"Lyca Mobile Norway";"242";"23";"0.0060";"Dynamic Alphanumeric"
"Norway";"TDC Mobile";"242";"8";"0.0060";"Dynamic Alphanumeric"
"Norway";"Telenor Norway";"242";"1 12";"0.0060";"Random Numeric Sender"
"Norway";"Telia Norway";"242";"5";"0.0060";"Random Numeric Sender"
"Norway";"Telia Norway (ex-Netcom)";"242";"2";"0.0060";"Random Numeric Sender"
"Norway";"Telia Norway (ex-tele2)";"242";"4";"0.0060";"Random Numeric Sender"
"Oman";"Omantel Oman";"422";"2";"0.0065";"Random Numeric Sender"
"Oman";"Ooredoo Oman";"422";"3";"0.0050";"Dynamic Alphanumeric"
"Pakistan";"Jazz Pakistan (ex-Mobilink)";"410";"1";"0.0115";"Dynamic Alphanumeric"
"Pakistan";"Jazz Pakistan (ex-Warid)";"410";"7";"0.0115";"Dynamic Alphanumeric"
"Pakistan";"Telenor Pakistan";"410";"6";"0.0046";"Dynamic Alphanumeric"
"Pakistan";"Ufone (Pak Telecom)";"410";"3";"0.0046";"Random Numeric Sender"
"Pakistan";"Zong (Paktel)";"410";"4";"0.0060";"Dynamic Alphanumeric"
"Palau";"Palau Mobile Corporation";"552";"80 2";"0.0165";"Dynamic Alphanumeric"
"Palau";"Palau National Communications Corporation";"552";"1";"0.0018";"Dynamic Alphanumeric"
"Panama";"Cable & Wireless Panama";"714";"1";"0.0050";"Dynamic Alphanumeric"
"Panama";"Claro Panama";"714";"3";"0.0045";"Random Numeric Sender"
"Panama";"Digicel Panama";"714";"4";"0.0055";"Dynamic Alphanumeric"
"Panama";"Movistar Panama";"714";"20 2";"0.0050";"Dynamic Alphanumeric"
"Papua New Guinea";"Bmobile - Vodafone";"537";"1";"0.0020";"Dynamic Alphanumeric"
"Papua New Guinea";"Digicel Papua New Guinea";"537";"3";"0.0060";"Random Numeric Sender"
"Paraguay";"Claro Paraguay";"744";"2";"0.0085";"Dynamic Alphanumeric"
"Paraguay";"Personal Paraguay";"744";"5";"0.0030";"Dynamic Alphanumeric"
"Paraguay";"Tigo Paraguay (Telecel)";"744";"4";"0.0055";"Random Numeric Sender"
"Paraguay";"VOX Paraguay";"744";"1 3";"0.0045";"Random Numeric Sender"
"Peru";"Bitel Peru (Viettel)";"716";"15";"0.0050";"Random Numeric Sender"
"Peru";"Claro Peru (America Movil)";"716";"10 20";"0.0080";"Dynamic Alphanumeric"
"Peru";"Entel (Nextel) Peru";"716";"7 17";"0.0080";"Dynamic Alphanumeric"
"Peru";"Telefonica Movil Peru (Movistar)";"716";"6";"0.0050";"Dynamic Alphanumeric"
"Philippines";"Globe Telecom";"515";"2 1";"0.0020";"Random Numeric Sender"
"Philippines";"SMART Communications";"515";"3 18";"0.0024";"Long Code Sender"
"Philippines";"Sun Cellular";"515";"5";"0.0024";"Long Code Sender"
"Poland";"Lycamobile Poland";"260";"9";"0.0070";"Random Numeric Sender"
"Poland";"Orange Poland (Centertel)";"260";"3 5";"0.0120";"Senders are being Replaced to Info"
"Poland";"P4 (Play)";"260";"6";"0.0070";"Random Numeric Sender"
"Poland";"Polkomtel (PLUS)";"260";"1";"0.0120";"Dynamic Alphanumeric"
"Poland";"T-Mobile Poland (ex-Era)";"260";"2";"0.0070";"Numeric Sender Only"
"Portugal";"LycaMobile Portugal";"268";"4";"0.0070";"Random Numeric Sender"
"Portugal";"MEO Portugal";"268";"6";"0.0145";"Dynamic Alphanumeric"
"Portugal";"NOS (ex-Optimus) Portugal";"268";"3";"0.0070";"Dynamic Alphanumeric"
"Portugal";"Vodafone Portugal";"268";"1";"0.0160";"Dynamic Alphanumeric"
"Puerto Rico";"AT&T Mobility Puerto Rico";"330";"30 38 99 150";"0.0080";"Dynamic Alphanumeric"
"Puerto Rico";"Claro Puerto Rico";"330";"110 12 11";"0.0080";"Dynamic Alphanumeric"
"Puerto Rico";"Open Mobile (PR Wireless)";"330";"0";"0.0080";"Dynamic Alphanumeric"
"Puerto Rico";"Sprint Puerto Rico";"330";"20";"0.0080";"Dynamic Alphanumeric"
"Puerto Rico";"T-Mobile Puerto Rico";"330";"120";"0.0080";"Dynamic Alphanumeric"
"Qatar";" Ooredoo Qatar";"427";"1";"0.0100";"Dynamic Alphanumeric"
"Qatar";"Vodafone Qatar";"427";"2";"0.0100";"Random Numeric Sender"
"Reunion";"Only Reunion (Outremer)";"647";"2";"0.0120";"Dynamic Alphanumeric"
"Reunion";"Orange Reunion";"647";"0";"0.0480";"Dynamic Alphanumeric"
"Reunion";"SFR Reunion";"647";"10";"0.0750";"Dynamic Alphanumeric"
"Romania";"Digi.mobil (RDS)";"226";"5";"0.0115";"Random Local Sender"
"Romania";"Orange Romania";"226";"10";"0.0120";"Dynamic Alphanumeric"
"Romania";"Telekom Romania (Cosmote)";"226";"3";"0.0100";"Random Local Sender"
"Romania";"Vodafone Romania";"226";"1";"0.0090";"Random Local Sender"
"Russian Federation";"Baykalwestcom";"250";"12 98";"0.0054";"Dynamic Alphanumeric"
"Russian Federation";"Beeline";"250";"99 28 44";"0.0091";"Senders are Being Replaced"
"Russian Federation";"ETK";"250";"5";"0.0054";"Dynamic Alphanumeric"
"Russian Federation";"MegaFon";"250";"2 91";"0.0220";"Dynamic Alphanumeric"
"Russian Federation";"MOTIV";"250";"35";"0.0067";"Dynamic Alphanumeric"
"Russian Federation";"MTS";"250";"1 4 10 13 92 93";"0.0175";"Dynamic Alphanumeric"
"Russian Federation";"NCC";"250";"3";"0.0042";"Dynamic Alphanumeric"
"Russian Federation";"NTC (New Telephone Company)";"250";"16";"0.0044";"Dynamic Alphanumeric"
"Russian Federation";"Rostelecom";"250";"17 39";"0.0057";"Dynamic Alphanumeric"
"Russian Federation";"SMARTS";"250";"7 15";"0.0054";"Dynamic Alphanumeric"
"Russian Federation";"Tambov GSM";"250";"38";"0.0066";"Dynamic Alphanumeric"
"Russian Federation";"Tele2";"250";"20";"0.0090";"Dynamic Alphanumeric"
"Russian Federation";"Yota";"250";"11";"0.0074";"Dynamic Alphanumeric"
"Rwanda";"Airtel";"635";"14";"0.0085";"Dynamic Alphanumeric"
"Rwanda";"MTN Rwanda";"635";"10";"0.0085";"Dynamic Alphanumeric"
"Rwanda";"Tigo";"635";"13";"0.0125";"Dynamic Alphanumeric"
"Saint Kitts and Nevis";"Digicel St.Kitts and Nevis";"356";"50";"0.0265";"Alpha Sender Only"
"Saint Kitts and Nevis";"FLOW St.Kitts and Nevis (LIME - CWC)";"356";"110";"0.0165";"Dynamic Alphanumeric"
"Saint Lucia";"Digicel Saint Lucia";"358";"50";"0.0150";"Dynamic Alphanumeric"
"Saint Lucia";"Flow (C&W) Saint Lucia";"358";"110";"0.0120";"Dynamic Alphanumeric"
"Saint Vincent and the Grenadines";"Digicel Saint Vincent and the Grenadines";"360";"70 50";"0.0045";"Dynamic Alphanumeric"
"Samoa";"Bluesky (SamoaTe)l";"549";"27";"0.0085";"Dynamic Alphanumeric"
"Samoa";"Digicel Samoa";"549";"1";"0.0055";"Dynamic Alphanumeric"
"Sao Tome and Principe";"CSTmovel";"626";"1";"0.0085";"Dynamic Alphanumeric"
"Sao Tome and Principe";"Unitel Sao Tome & Principe";"626";"2";"0.0160";"Dynamic Alphanumeric"
"Saudi Arabia";"Lebara Saudi Arabia";"420";"6";"0.0070";"Dynamic Alphanumeric"
"Saudi Arabia";"Mobily (Etisalat Saudi Arabia)";"420";"3";"0.0086";"Dynamic Alphanumeric"
"Saudi Arabia";"STC (Al Jawal)";"420";"1";"0.0072";"Random Numeric Sender"
"Saudi Arabia";"Virgin Mobile Saudi Arabia";"420";"5";"0.0072";"Random Numeric Sender"
"Saudi Arabia";"Zain Saudi Arabia";"420";"4";"0.0086";"Dynamic Alphanumeric"
"Senegal";"Expresso";"608";"3";"0.0150";"Random Local Sender"
"Senegal";"Orange Senegal (Sonatel)";"608";"1";"0.0150";"Dynamic Alphanumeric"
"Senegal";"Tigo Senegal (Sentel)";"608";"2";"0.0052";"Dynamic Alphanumeric"
"Serbia";"mts Serbia";"220";"3";"0.0074";"Dynamic Alphanumeric"
"Serbia";"Telenor Serbia";"220";"1 2";"0.0075";"Dynamic Alphanumeric"
"Serbia";"VIP Mobile";"220";"5";"0.0060";"Random Numeric Sender"
"Seychelles";"Airtel Seychelles";"633";"10";"0.0040";"Random Numeric Sender"
"Seychelles";"Cable & Wireless Seychelles";"633";"1";"0.0057";"Dynamic Alphanumeric"
"Sierra Leone";"Africell Sierra Leone";"619";"3 2 5";"0.0040";"Dynamic Alphanumeric"
"Sierra Leone";"Orange Sierra Leone (ex-Airtel)";"619";"1";"0.0060";"Dynamic Alphanumeric"
"Singapore";"M1 (MobileOne)";"525";"3";"0.0055";"Random Numeric Sender"
"Singapore";"SingTel";"525";"1 2 7";"0.0079";"Dynamic Alphanumeric"
"Singapore";"StarHub Mobile";"525";"5 6";"0.0072";"Dynamic Alphanumeric"
"Slovakia";"O2 Slovakia";"231";"6";"0.0325";"Direct Connection"
"Slovakia";"Orange Slovakia";"231";"1 5";"0.0120";"Dynamic Alphanumeric"
"Slovakia";"Slovak Telekom (T-Mobile Slovakia)";"231";"2 4";"0.0255";"Direct Connection  Alpha and Local Numeric Sender Only"
"Slovenia";"A1 Slovenia (ex-Si.mobil)";"293";"40";"0.0070";"Random Numeric Sender"
"Slovenia";"T-2 Slovenia";"293";"64";"0.0070";"Random Numeric Sender"
"Slovenia";"Telekom Slovenia (ex-Mobitel)";"293";"41";"0.0070";"Random Numeric Sender"
"Slovenia";"Telemach Slovenia (ex-Tusmobil)";"293";"70";"0.0070";"Random Numeric Sender"
"Solomon Islands";"Our Telekom - Solomon Telekom Company";"540";"1";"0.0120";"Dynamic Alphanumeric"
"Somalia";"Golis";"637";"30";"0.0500";"Dynamic Alphanumeric"
"Somalia";"Hormuud Telecom";"637";"25 50";"0.0070";"Dynamic Alphanumeric"
"Somalia";"SolTelco";"637";"19";"0.0190";"Dynamic Alphanumeric"
"Somalia";"Somafone";"637";"4";"0.0175";"Dynamic Alphanumeric"
"Somalia";"Telcom Somalia";"637";"82";"0.0080";"Dynamic Alphanumeric"
"Somalia";"Telesom";"637";"1";"0.0095";"Random Numeric Sender"
"South Africa";"8ta (Telkom)";"655";"2";"0.0050";"Numeric Sender Only"
"South Africa";"CELL C South Africa";"655";"7";"0.0050";"Dynamic Alphanumeric"
"South Africa";"MTN South Africa";"655";"10";"0.0060";"Dynamic Alphanumeric"
"South Africa";"Vodacom South Africa";"655";"1";"0.0060";"Random Local Sender"
"South Sudan";"MTN South Sudan";"659";"2";"0.0045";"Dynamic Alphanumeric"
"Spain";"DigiMobil";"214";"22";"0.0165";"Dynamic Alphanumeric"
"Spain";"Eroski Movil";"214";"24";"0.0165";"Dynamic Alphanumeric"
"Spain";"Euskaltel";"214";"8";"0.0165";"Dynamic Alphanumeric"
"Spain";"LycaMobile";"214";"25";"0.0165";"Dynamic Alphanumeric"
"Spain";"Movistar";"214";"7 5";"0.0165";"Dynamic Alphanumeric"
"Spain";"Orange (ex-Jazztel)";"214";"21";"0.0165";"Dynamic Alphanumeric"
"Spain";"Orange Spain";"214";"3 9";"0.0165";"Dynamic Alphanumeric"
"Spain";"Simyo";"214";"19";"0.0165";"Dynamic Alphanumeric"
"Spain";"Tuenti";"214";"32";"0.0165";"Dynamic Alphanumeric"
"Spain";"Vodafone Spain";"214";"1 6";"0.0165";"Dynamic Alphanumeric"
"Spain";"yoigo";"214";"4";"0.0165";"Dynamic Alphanumeric"
"Sri Lanka";"Airtel Sri Lanka";"413";"5";"0.0085";"Random Numeric Sender"
"Sri Lanka";"Dialog Axiata Sri Lanka";"413";"2";"0.0120";"Dynamic Alphanumeric"
"Sri Lanka";"Etisalat Sri Lanka";"413";"3";"0.0065";"Random Numeric Sender"
"Sri Lanka";"Hutch";"413";"8";"0.0075";"Random Numeric Sender"
"Sri Lanka";"Mobitel";"413";"1";"0.0075";"Random Numeric Sender"
"Sudan";"MTN Sudan";"634";"2";"0.0475";"Dynamic Alphanumeric"
"Sudan";"Sudani One";"634";"7";"0.0145";"Dynamic Alphanumeric"
"Sudan";"Zain Sudan";"634";"1";"0.0050";"Random Numeric Sender"
"Suriname";"Digicel Suriname";"746";"3";"0.0060";"Dynamic Alphanumeric"
"Suriname";"Telesur";"746";"2 1";"0.0042";"Dynamic Alphanumeric"
"Sweden";"Lycamobile Sweden";"240";"12";"0.0075";"Dynamic Alphanumeric"
"Sweden";"Tele2 Sweden";"240";"7 5 53";"0.0073";"Random Numeric Sender"
"Sweden";"Telenor Sweden";"240";"8 6 72";"0.0054";"Random Numeric Sender"
"Sweden";"Telia Sweden";"240";"1 13";"0.0075";"Random Numeric Sender"
"Sweden";"Three Sweden";"240";"2 4 11 29";"0.0075";"Dynamic Alphanumeric"
"Switzerland";"Lycamobile Switzerland";"228";"54";"0.0145";"Dynamic Alphanumeric"
"Switzerland";"Salt (Orange Switzerland)";"228";"3";"0.0100";"Dynamic Alphanumeric"
"Switzerland";"Sunrise";"228";"2 12";"0.0089";"Dynamic Alphanumeric"
"Switzerland";"Swisscom Mobile";"228";"1 99";"0.0073";"Dynamic Alphanumeric"
"Switzerland";"UPC Switzerland";"228";"53";"0.0070";"Random Numeric Sender"
"Syrian Arab Republic";"MTN Syria";"417";"2";"0.0430";"96394/96395: Numeric Sender Only"
"Syrian Arab Republic";"Syriatel";"417";"1";"0.0635";"Dynamic Alphanumeric"
"Taiwan";"APTG (Asia Pacific Telecom)";"466";"5";"0.0070";"Random Numeric Sender"
"Taiwan";"Chunghwa Telecom";"466";"92 11";"0.0095";"Random Numeric Sender"
"Taiwan";"Far EasTone";"466";"1 2 3 6 88";"0.0145";"Random Numeric Sender"
"Taiwan";"T Star (ex-VIBO) Taiwan";"466";"89 90";"0.0115";"Dynamic Alphanumeric"
"Taiwan";"Taiwan Mobile";"466";"97 93 99";"0.0070";"Random Numeric Sender"
"Tajikistan";"Babilon Mobile";"436";"4";"0.0515";"Dynamic Alphanumeric"
"Tajikistan";"Beeline";"436";"5";"0.0090";"Senders are being replaced."
"Tajikistan";"Megafon";"436";"3";"0.0050";"Random Numeric Sender"
"Tajikistan";"Tcell";"436";"1 2 12";"0.0355";"Dynamic Alphanumeric"
"Tanzania, United Republic of";"Airtel Tanzania (Zain)";"640";"5";"0.0050";"Dynamic Alphanumeric"
"Tanzania, United Republic of";"Halotel Tanzania";"640";"9";"0.0040";"Random Numeric Sender"
"Tanzania, United Republic of";"Tigo Tanzania (ex-Mic)";"640";"2";"0.0070";"Dynamic Alphanumeric"
"Tanzania, United Republic of";"Vodacom Tanzania";"640";"4";"0.0100";"Senders are being replaced."
"Tanzania, United Republic of";"Zantel";"640";"3";"0.0060";"Dynamic Alphanumeric"
"Thailand";"AIS";"520";"1 23";"0.0045";"Dynamic Alphanumeric"
"Thailand";"AIS 3G";"520";"3";"0.0045";"Dynamic Alphanumeric"
"Thailand";"CAT CDMA";"520";"2";"0.0075";"Dynamic Alphanumeric"
"Thailand";"DTAC";"520";"18 5";"0.0075";"Dynamic Alphanumeric"
"Thailand";"my by CAT";"520";"0";"0.0075";"Dynamic Alphanumeric"
"Thailand";"TOT 3G";"520";"15";"0.0075";"Dynamic Alphanumeric"
"Thailand";"True Move";"520";"99 4";"0.0075";"Dynamic Alphanumeric"
"Timor-Leste";"Telemor Timor Leste";"514";"3";"0.0075";"Random Numeric Sender"
"Timor-Leste";"Telkomcel Timor Leste";"514";"1";"0.0055";"Random Numeric Sender"
"Timor-Leste";"Timor Telecom";"514";"2";"0.0050";"Dynamic Alphanumeric"
"Togo";"Moov Togo";"615";"3 2 5";"0.0205";"Dynamic Alphanumeric"
"Togo";"Togo Cell";"615";"1";"0.0085";"Random Numeric Sender"
"Tonga";"U-Call";"539";"1";"0.0050";"Dynamic Alphanumeric"
"Trinidad and Tobago";"bmobile (Telecommunications Services Trinidad and Tobago - TSTT)";"374";"12 120";"0.0061";"Random Numeric Sender"
"Trinidad and Tobago";"Digicel Trinidad and Tobago";"374";"130 13";"0.0090";"Random Numeric Sender"
"Tunisia";" Ooredoo Tunisia";"605";"3";"0.0070";"Dynamic Alphanumeric"
"Tunisia";"Orange Tunisia";"605";"1";"0.0063";"Dynamic Alphanumeric"
"Tunisia";"Tunisie Telecom";"605";"2";"0.0040";"Dynamic Alphanumeric"
"Turkey";"Turk Telekom (ex-Avea)";"286";"3";"0.0018";"Random Numeric Sender"
"Turkey";"Turk Telekom (ex-Avea)";"286";"4";"0.0021";"Random Numeric Sender"
"Turkey";"Turkcell";"286";"1";"0.0033";"Random Numeric Sender"
"Turkey";"Vodafone Turkey";"286";"2";"0.0021";"Dynamic Alphanumeric"
"Turkmenistan";"TM-Cell (Altyn Asyr)";"438";"2";"0.0035";"Random Numeric Sender"
"Turks and Caicos Islands";"Digicel Turks & Caicos Islands";"376";"50";"0.0135";"Dynamic Alphanumeric"
"Turks and Caicos Islands";"Flow (C&W) Turks & Caicos Islands";"376";"350";"0.0095";"Dynamic Alphanumeric"
"Uganda";"Africell Uganda (Former Orange)";"641";"14";"0.0034";"Dynamic Alphanumeric"
"Uganda";"Airtel Uganda";"641";"1";"0.0570";"Dynamic Alphanumeric"
"Uganda";"Airtel Uganda (Former Warid)";"641";"22";"0.0570";"Dynamic Alphanumeric"
"Uganda";"MTN Uganda";"641";"10";"0.0035";"Dynamic Alphanumeric"
"Uganda";"UTL ( Telecom Limited)";"641";"11";"0.0410";"Dynamic Alphanumeric"
"Ukraine";"3Mob";"255";"7";"0.0075";"Dynamic Alphanumeric"
"Ukraine";"Golden Telecom Ukraine";"255";"5 39";"0.0085";"Dynamic Alphanumeric"
"Ukraine";"Kyivstar Ukraine";"255";"3 67";"0.0055";"Dynamic Alphanumeric"
"Ukraine";"Kyivstar Ukraine (Beeline)";"255";"2 68";"0.0052";"Dynamic Alphanumeric"
"Ukraine";"Lifecell Ukraine";"255";"6";"0.0075";"Dynamic Alphanumeric"
"Ukraine";"PEOPLEnet Ukraine";"255";"21";"0.0040";"Dynamic Alphanumeric"
"Ukraine";"Vodafone Ukraine (MTS)";"255";"1 50";"0.0050";"Random Numeric Sender"
"United Arab Emirates";"du";"424";"3";"0.0047";"Dynamic Alphanumeric"
"United Arab Emirates";"Etisalat United Arab Emirates";"424";"2 1";"0.0035";"Random Numeric Sender"
"United Kingdom";"BT";"234";"0 76 77";"0.0140";"Dynamic Alphanumeric"
"United Kingdom";"EE (ex-Orange) UK";"234";"33 34 53";"0.0100";"Random Numeric Sender"
"United Kingdom";"EE (ex-TMobile) UK";"234";"30 31 32";"0.0100";"Random Numeric Sender"
"United Kingdom";"Jersey Airtel";"234";"3";"0.0140";"Dynamic Alphanumeric"
"United Kingdom";"Jersey Telecom";"234";"50 992";"0.0115";"Dynamic Alphanumeric"
"United Kingdom";"Lycamobile UK";"234";"26";"0.0075";"Dynamic Alphanumeric"
"United Kingdom";"Manx Telecom";"234";"58";"0.0095";"Dynamic Alphanumeric"
"United Kingdom";"O2 UK";"234";"10 2 11 78";"0.0085";"Dynamic Alphanumeric"
"United Kingdom";"Sky Mobile UK";"234";"57";"0.0075";"Dynamic Alphanumeric"
"United Kingdom";"Sure Mobile Guernsey";"234";"55";"0.0085";"Dynamic Alphanumeric"
"United Kingdom";"Three UK";"234";"20 94";"0.0140";"Random Numeric Sender"
"United Kingdom";"Virgin Mobile UK";"234";"38";"0.0095";"Random Numeric Sender"
"United Kingdom";"Vodafone UK";"234";"15 91";"0.0145";"Dynamic Alphanumeric"
"Uruguay";"Antel (Ancel)";"748";"1 0";"0.0230";"Random Numeric Sender"
"Uruguay";"Claro Uruguay (CTI Movil)";"748";"10";"0.0040";"Dynamic Alphanumeric"
"Uruguay";"Telefonica Movil Uruguay (Movistar)";"748";"7";"0.0070";"Shortcode Sender"
"USA";"Advantage Cellular";"310";"880";"0.0100";"Random Numeric Sender"
"USA";"Airadigm Communications";"310";"640";"0.0100";"Random Numeric Sender"
"USA";"Alaska Digitel";"310";"430";"0.0100";"Random Numeric Sender"
"USA";"All Operators (New Prefixes)";"310";"999";"0.0100";"Random Numeric Sender"
"USA";"Alltel Communications Inc";"310";"590 13 500";"0.0100";"Random Numeric Sender"
"USA";"AT&T Mobility (Dobson)";"310";"560";"0.0100";"Random Numeric Sender"
"USA";"AT&T Mobility USA";"310";"410 150 170 180 380 38 70 382 980 370";"0.0100";"Random Numeric Sender"
"USA";"Caprock Cellular";"310";"830";"0.0100";"Random Numeric Sender"
"USA";"Cellcom USA";"310";"600";"0.0100";"Random Numeric Sender"
"USA";"Cellular One of NE Arizona";"310";"320 390 570";"0.0100";"Random Numeric Sender"
"USA";"Centennial Wireless";"310";"30";"0.0100";"Random Numeric Sender"
"USA";"Choice Wireless";"310";"630";"0.0100";"Random Numeric Sender"
"USA";"Cincinnati Bell Wireless";"310";"420";"0.0100";"Random Numeric Sender"
"USA";"Corr Wireless Communications";"310";"80";"0.0100";"Random Numeric Sender"
"USA";"Cricket Communications";"310";"16 90";"0.0100";"Random Numeric Sender"
"USA";"Globalstar USA";"310";"970";"0.0100";"Random Numeric Sender"
"USA";"Iowa Wireless Services";"310";"770";"0.0100";"Random Numeric Sender"
"USA";"Keystone Wireless";"310";"690";"0.0100";"Random Numeric Sender"
"USA";"Mohave Wireless";"310";"350";"0.0100";"Random Numeric Sender"
"USA";"Oklahoma Western Telephone Company";"310";"540";"0.0100";"Random Numeric Sender"
"USA";"PTSI";"310";"760";"0.0100";"Random Numeric Sender"
"USA";"Sprint";"310";"120";"0.0100";"Random Numeric Sender"
"USA";"T-Mobile (SunCom)";"310";"490";"0.0100";"Random Numeric Sender"
"USA";"T-Mobile USA";"310";"260 160 200 210 220 230 240 250 270 280 290 300 310 330 660 800";"0.0100";"Random Numeric Sender"
"USA";"TMP Corporation";"310";"460";"0.0100";"Random Numeric Sender"
"USA";"U.S. Cellular";"310";"730 66";"0.0125";"Dynamic Alphanumeric"
"USA";"Unicel Rural Cellular Corporation";"310";"890";"0.0100";"Random Numeric Sender"
"USA";"Union Telephone Company";"310";"20";"0.0100";"Random Numeric Sender"
"USA";"United Wireless Communications";"310";"440";"0.0100";"Random Numeric Sender"
"USA";"Verizon Wireless";"310";"12";"0.0100";"Random Numeric Sender"
"USA";"XIT Cellular";"310";"950";"0.0100";"Random Numeric Sender"
"Uzbekistan";"Beeline Uzbekistan";"434";"4";"0.0060";"Random Numeric Sender"
"Uzbekistan";"Perfectum Mobile";"434";"6";"0.0720";"Dynamic Alphanumeric"
"Uzbekistan";"Ucell Uzbekistan";"434";"5";"0.0090";"Dynamic Alphanumeric"
"Uzbekistan";"UMS Uzbekistan (MTS)";"434";"7";"0.0065";"Random Numeric Sender"
"Vanuatu";"Digicel Vanuatu";"541";"5";"0.0060";"Numeric Sender Only"
"Vanuatu";"Telecom Vanuatu";"541";"1 2 3 4 6 7";"0.0440";"Dynamic Alphanumeric"
"Venezuela";"Digitel Venezuela";"734";"2 1 3";"0.0155";"Random Numeric Sender"
"Venezuela";"Movilnet";"734";"6";"0.0045";"Dynamic Alphanumeric"
"Venezuela";"Telefonica Movil Venezuela (Movistar)";"734";"4";"0.0075";"Dynamic Alphanumeric"
"Vietnam";"Gmobile (Beeline) Vietnam";"452";"7";"0.0045";"Random Numeric Sender"
"Vietnam";"MobiFone Vietnam";"452";"1";"0.0065";"Dynamic Alphanumeric"
"Vietnam";"Vietnamobile (HTC)";"452";"5";"0.0065";"Dynamic Alphanumeric"
"Vietnam";"Viettel Mobile";"452";"4";"0.0135";"Random Numeric Sender"
"Vietnam";"VinaPhone";"452";"2";"0.0040";"Dynamic Alphanumeric"
"Virgin Islands British";"Digicel British Virgin Islands";"348";"770";"0.0050";"Dynamic Alphanumeric"
"Virgin Islands British";"Flow (C&W) British Virgin Islands";"348";"170";"0.0235";"Dynamic Alphanumeric"
"Yemen";"MTN Yemen (Spacetel)";"421";"2";"0.0225";"Dynamic Alphanumeric"
"Yemen";"Sabafon";"421";"1";"0.0280";"Dynamic Alphanumeric"
"Yemen";"Y Telecom (Y HiTS UNITEL)";"421";"4 700";"0.0050";"Dynamic Alphanumeric"
"Yemen";"Yemen Mobile (CDMA)";"421";"3";"0.0080";"Dynamic Alphanumeric"
"Zambia";"Airtel Zambia";"645";"1";"0.0030";"Random Numeric Sender"
"Zambia";"MTN Zambia";"645";"2";"0.0039";"Dynamic Alphanumeric"
"Zambia";"ZAMTEL";"645";"3";"0.0115";"Dynamic Alphanumeric"
"Zimbabwe";"Econet Zimbabwe";"648";"4";"0.0120";"Dynamic Alphanumeric"
"Zimbabwe";"NetOne Zimbabwe";"648";"1";"0.0175";"Dynamic Alphanumeric"
"Zimbabwe";"Telecel Zimbabwe";"648";"3";"0.0040";"Random Numeric Sender"
Under EU GDPR Law, destinations from countries in EU and EEA are provided only to customers that enter a Data Protection Agreement (DPA) with MobiWeb. For more information, please visit https://www.solutions4mobiles.com/security